REPORT EXPORT SPEDIZIONI;TransLog Express S.p.A.
PERIODO;01/01/2025 - 28/03/2026
DATA EXPORT;30/03/2026
UTENTE;redacted@example.com
FILTRI APPLICATI;Tutti i clienti | Tutti i servizi | Stato: TUTTI

ANNO_SPED;NUM_SPED;DATA_SPED;MITTENTE;CITTA_MITT;PROV_MITT;DESTINATARIO;CITTA_DEST;PROV_DEST;NAZIONE;N_COLLI;PESO_KG;VOLUME_M3;TIPO_SERVIZIO;RIF_CLIENTE;IMPONIBILE;IVA;TOTALE;STATO;NOTE
2025;100001;21/05/2025;Nordic Design AB;Torino;TO;Elena Costa SRL;Napoli;NA;IT;38;211,25;0,457;STANDARD;ORD-2025-4811;517,77;113,91;631,68;CONSEGNATO;Consegna al piano
2026;100002;27/02/2026;Meridian Home SRL;Padova;PD;Carla Mancini;Milano;MI;IT;28;170,46;2,341;ECONOMY;ORD-2026-2674;230,53;50,72;281,25;IN GIACENZA;Indirizzo errato
2026;100003;06/01/2026;Comfort Zone SPA;Firenze;FI;Alessandro De Luca SRL;Napoli;NA;IT;36;146,94;9,433;ECONOMY;ORD-2026-4150;456,86;100,51;557,37;CONSEGNATO;
2025;100004;30/04/2025;Acme Furniture SRL;Milano;MI;Sara Moretti SPA;Brescia;BS;IT;24;177,96;10,056;EXPRESS;ORD-2025-3803;455,58;100,23;555,81;CONSEGNATO;
2025;100005;16/06/2025;Acme Furniture SRL;Milano;MI;Federico Gallo;Roma;RM;IT;18;33,56;13,698;ECONOMY;ORD-2025-4483;138,16;30,40;168,56;RESO;
2025;100006;13/03/2025;Nordic Design AB;Torino;TO;Paolo Bruno;Modena;MO;IT;38;214,50;8,757;ECONOMY;ORD-2025-4593;824,60;181,41;1.006,01;CONSEGNATO;Pacco danneggiato
2025;100007;26/02/2025;Nordic Design AB;Torino;TO;Laura Marini SRL;Trieste;TS;IT;25;191,12;14,942;ECONOMY;ORD-2025-1188;551,46;121,32;672,78;RESO;Pacco danneggiato
2026;100008;24/03/2026;Casa Bella Trading;Bologna;BO;Carla Mancini;Trieste;TS;IT;1;476,93;13,139;ECONOMY;ORD-2026-9201;1.366,01;300,52;1.666,53;CONSEGNATO;Consegna al piano
2026;100009;23/03/2026;Meridian Home SRL;Padova;PD;Sara Moretti SPA;Firenze;FI;IT;35;476,77;13,837;EXPRESS;ORD-2026-6310;1.076,59;236,85;1.313,44;CONSEGNATO;Firma non disponibile
2026;100010;08/01/2026;Nordic Design AB;Torino;TO;Giulia Esposito;Berlin;;DE;32;408,10;14,670;STANDARD;ORD-2026-3103;1.207,49;265,65;1.473,14;CONSEGNATO;Destinatario assente
2026;100011;11/03/2026;Comfort Zone SPA;Firenze;FI;Alessandro De Luca;Venezia;VE;IT;42;187,02;13,495;SAME_DAY;ORD-2026-2982;347,21;76,39;423,60;CONSEGNATO;Destinatario assente
2025;100012;23/04/2025;Acme Furniture SRL;Milano;MI;Elisa Ricci SRL;Roma;RM;IT;3;429,89;1,072;STANDARD;ORD-2025-5562;1.127,15;247,97;1.375,12;CONSEGNATO;Accesso negato al condominio
2026;100013;02/03/2026;Alpine Mobel GmbH;Verona;VR;Valentina Russo SNC;Napoli;NA;IT;28;205,85;12,959;EXPRESS;ORD-2026-2612;311,73;68,58;380,31;IN GIACENZA;
2025;100014;08/04/2025;Meridian Home SRL;Padova;PD;Carla Mancini SNC;Trieste;TS;IT;30;125,28;13,850;SAME_DAY;ORD-2025-2604;267,26;58,80;326,06;IN GIACENZA;
2025;100015;28/07/2025;Alpine Mobel GmbH;Verona;VR;Luca Bianchi SPA;Palermo;PA;IT;25;1,58;5,862;SAME_DAY;ORD-2025-5673;124,33;27,35;151,68;ANOMALIA;Destinatario assente
2026;100016;25/01/2026;Casa Bella Trading;Bologna;BO;Simone Fontana;Roma;RM;IT;35;30,95;4,711;EXPRESS;ORD-2026-8811;223,74;49,22;272,96;CONSEGNATO;Destinatario assente
2025;100017;06/04/2025;Acme Furniture SRL;Milano;MI;Alessandro De Luca SRL;Verona;VR;IT;37;123,48;8,922;EXPRESS;ORD-2025-7868;446,65;98,26;544,91;CONSEGNATO;
2025;100018;10/06/2025;Nordic Design AB;Torino;TO;Chiara Conti;Firenze;FI;IT;21;464,54;14,037;EXPRESS;ORD-2025-8508;1.223,61;269,19;1.492,80;CONSEGNATO;Destinatario assente
2025;100019;16/05/2025;Nordic Design AB;Torino;TO;Elisa Ricci SNC;Paris;;FR;19;79,29;12,508;ECONOMY;ORD-2025-9666;147,94;32,55;180,49;CONSEGNATO;Consegna al piano
2025;100020;10/03/2025;Casa Bella Trading;Bologna;BO;Elena Costa SPA;Napoli;NA;IT;18;141,24;3,167;ECONOMY;ORD-2025-4335;455,90;100,30;556,20;CONSEGNATO;
2025;100021;21/11/2025;Alpine Mobel GmbH;Verona;VR;Mario Rossi SNC;Berlin;;DE;50;65,84;14,697;STANDARD;ORD-2025-8239;300,59;66,13;366,72;CONSEGNATO;
2025;100022;19/01/2025;Casa Bella Trading;Bologna;BO;Valentina Russo SPA;Firenze;FI;IT;3;154,48;13,486;EXPRESS;ORD-2025-6862;218,33;48,03;266,36;CONSEGNATO;Pacco danneggiato
2026;100023;20/01/2026;Nordic Design AB;Torino;TO;Valentina Russo SRL;Munich;;DE;12;368,41;4,989;SAME_DAY;ORD-2026-5065;611,19;134,46;745,65;CONSEGNATO;Firma non disponibile
2025;100024;29/08/2025;Nordic Design AB;Torino;TO;Sara Moretti SNC;Brescia;BS;IT;15;111,85;9,904;SAME_DAY;ORD-2025-6378;199,76;43,95;243,71;IN TRANSITO;
2026;100025;10/03/2026;Casa Bella Trading;Bologna;BO;Paolo Bruno SPA;Paris;;FR;38;481,29;3,989;EXPRESS;ORD-2026-8119;995,84;219,08;1.214,92;CONSEGNATO;Destinatario assente
2025;100026;23/10/2025;Nordic Design AB;Torino;TO;Mario Rossi;Trieste;TS;IT;35;343,59;14,105;STANDARD;ORD-2025-6967;843,72;185,62;1.029,34;RESO;Indirizzo errato
2026;100027;16/01/2026;Comfort Zone SPA;Firenze;FI;Valentina Russo SNC;Marseille;;FR;26;348,76;8,321;STANDARD;ORD-2026-7888;978,64;215,30;1.193,94;IN TRANSITO;
2026;100028;12/03/2026;Acme Furniture SRL;Milano;MI;Valentina Russo;Padova;PD;IT;39;327,53;6,980;SAME_DAY;ORD-2026-4501;880,92;193,80;1.074,72;ANOMALIA;Ritirato al punto ritiro
2025;100029;13/02/2025;Casa Bella Trading;Bologna;BO;Federico Gallo SRL;Pescara;PE;IT;49;117,82;4,663;STANDARD;ORD-2025-3414;217,52;47,85;265,37;CONSEGNATO;Firma non disponibile
2025;100030;01/08/2025;Comfort Zone SPA;Firenze;FI;Francesca Lombardi;Palermo;PA;IT;16;74,21;10,317;EXPRESS;ORD-2025-7965;172,25;37,90;210,15;IN TRANSITO;
2025;100031;08/05/2025;Acme Furniture SRL;Milano;MI;Davide Barbieri;Brescia;BS;IT;39;158,99;11,331;SAME_DAY;ORD-2025-9270;492,67;108,39;601,06;CONSEGNATO;
2026;100032;03/02/2026;Nordic Design AB;Torino;TO;Davide Barbieri;Hamburg;;DE;41;120,00;6,604;ECONOMY;ORD-2026-4841;291,41;64,11;355,52;CONSEGNATO;
2025;100033;16/07/2025;Comfort Zone SPA;Firenze;FI;Giulia Esposito;Padova;PD;IT;27;165,78;6,994;EXPRESS;ORD-2025-4388;582,74;128,20;710,94;IN TRANSITO;Ritirato al punto ritiro
2025;100034;22/10/2025;Alpine Mobel GmbH;Verona;VR;Chiara Conti;Catania;CT;IT;27;269,34;11,022;STANDARD;ORD-2025-8999;456,73;100,48;557,21;CONSEGNATO;
2026;100035;22/01/2026;Alpine Mobel GmbH;Verona;VR;Alessandro De Luca;Paris;;FR;37;331,67;1,268;SAME_DAY;ORD-2026-3223;1.120,64;246,54;1.367,18;CONSEGNATO;
2025;100036;17/06/2025;Casa Bella Trading;Bologna;BO;Paolo Bruno;Palermo;PA;IT;17;417,54;7,060;EXPRESS;ORD-2025-6733;616,39;135,61;752,00;ANOMALIA;
2025;100037;13/04/2025;Acme Furniture SRL;Milano;MI;Anna Russo;Verona;VR;IT;43;57,64;14,217;SAME_DAY;ORD-2025-5198;255,22;56,15;311,37;CONSEGNATO;Ritirato al punto ritiro
2025;100038;25/03/2025;Casa Bella Trading;Bologna;BO;Chiara Conti;Milano;MI;IT;44;454,06;5,636;STANDARD;ORD-2025-2245;1.283,05;282,27;1.565,32;CONSEGNATO;Ritirato al punto ritiro
2026;100039;18/03/2026;Acme Furniture SRL;Milano;MI;Luca Bianchi SNC;Ancona;AN;IT;35;214,47;5,565;ECONOMY;ORD-2026-1207;816,77;179,69;996,46;CONSEGNATO;
2026;100040;20/01/2026;Alpine Mobel GmbH;Verona;VR;Paolo Bruno;Parma;PR;IT;35;387,43;6,978;ECONOMY;ORD-2026-6280;1.355,15;298,13;1.653,28;CONSEGNATO;Accesso negato al condominio
2026;100041;01/03/2026;Meridian Home SRL;Padova;PD;Federico Gallo SRL;Palermo;PA;IT;32;425,55;2,736;STANDARD;ORD-2026-6813;1.343,26;295,52;1.638,78;RESO;Ritirato al punto ritiro
2026;100042;02/01/2026;Meridian Home SRL;Padova;PD;Elisa Ricci;Paris;;FR;27;244,54;11,375;SAME_DAY;ORD-2026-9041;533,67;117,41;651,08;CONSEGNATO;
2025;100043;06/12/2025;Meridian Home SRL;Padova;PD;Davide Barbieri SNC;Modena;MO;IT;28;498,32;8,260;ECONOMY;ORD-2025-8434;829,80;182,56;1.012,36;CONSEGNATO;
2026;100044;10/03/2026;Comfort Zone SPA;Firenze;FI;Francesca Lombardi SNC;Padova;PD;IT;47;295,00;11,406;ECONOMY;ORD-2026-2647;1.018,42;224,05;1.242,47;CONSEGNATO;
2025;100045;01/10/2025;Nordic Design AB;Torino;TO;Elena Costa SNC;Roma;RM;IT;45;472,07;9,572;SAME_DAY;ORD-2025-2680;1.647,93;362,54;2.010,47;CONSEGNATO;
2026;100046;07/01/2026;Casa Bella Trading;Bologna;BO;Marco Ferrari SRL;Bordeaux;;FR;26;246,13;8,660;EXPRESS;ORD-2026-3485;386,27;84,98;471,25;CONSEGNATO;
2025;100047;02/08/2025;Meridian Home SRL;Padova;PD;Elisa Ricci;Pescara;PE;IT;25;225,53;6,646;SAME_DAY;ORD-2025-6003;569,45;125,28;694,73;ANOMALIA;
2025;100048;19/04/2025;Casa Bella Trading;Bologna;BO;Elisa Ricci SPA;Bologna;BO;IT;36;37,99;0,050;SAME_DAY;ORD-2025-8699;143,43;31,55;174,98;IN TRANSITO;Ritirato al punto ritiro
2026;100049;30/01/2026;Casa Bella Trading;Bologna;BO;Roberto Greco;Ancona;AN;IT;8;272,51;9,718;ECONOMY;ORD-2026-3330;287,20;63,18;350,38;CONSEGNATO;Ritirato al punto ritiro
2026;100050;16/01/2026;Alpine Mobel GmbH;Verona;VR;Paolo Bruno;Palermo;PA;IT;35;247,15;1,216;EXPRESS;ORD-2026-8078;814,33;179,15;993,48;CONSEGNATO;
2025;100051;11/12/2025;Casa Bella Trading;Bologna;BO;Francesca Lombardi;Bologna;BO;IT;42;221,39;4,180;SAME_DAY;ORD-2025-9056;888,46;195,46;1.083,92;CONSEGNATO;
2025;100052;24/03/2025;Casa Bella Trading;Bologna;BO;Chiara Conti;Bergamo;BG;IT;26;406,88;8,256;SAME_DAY;ORD-2025-2442;739,44;162,68;902,12;ANOMALIA;
2025;100053;05/10/2025;Alpine Mobel GmbH;Verona;VR;Davide Barbieri SNC;Padova;PD;IT;40;378,34;9,385;EXPRESS;ORD-2025-4335;653,82;143,84;797,66;CONSEGNATO;Accesso negato al condominio
2026;100054;04/01/2026;Comfort Zone SPA;Firenze;FI;Carla Mancini SNC;Verona;VR;IT;36;7,33;6,126;STANDARD;ORD-2026-2858;83,80;18,44;102,24;IN GIACENZA;
2026;100055;04/02/2026;Alpine Mobel GmbH;Verona;VR;Elisa Ricci;Frankfurt;;DE;36;72,75;2,867;STANDARD;ORD-2026-2143;266,00;58,52;324,52;CONSEGNATO;Accesso negato al condominio
2026;100056;01/01/2026;Casa Bella Trading;Bologna;BO;Simone Fontana;Ancona;AN;IT;32;432,70;6,704;SAME_DAY;ORD-2026-6654;867,99;190,96;1.058,95;CONSEGNATO;Accesso negato al condominio
2026;100057;25/01/2026;Comfort Zone SPA;Firenze;FI;Elisa Ricci;Palermo;PA;IT;3;159,43;7,100;SAME_DAY;ORD-2026-7325;565,84;124,48;690,32;IN TRANSITO;
2026;100058;17/01/2026;Meridian Home SRL;Padova;PD;Marco Ferrari;Valencia;;ES;7;263,21;6,859;STANDARD;ORD-2026-7717;863,78;190,03;1.053,81;CONSEGNATO;Pacco danneggiato
2026;100059;21/03/2026;Comfort Zone SPA;Firenze;FI;Federico Gallo;Torino;TO;IT;35;190,31;4,757;SAME_DAY;ORD-2026-9864;231,58;50,95;282,53;CONSEGNATO;Accesso negato al condominio
2026;100060;12/01/2026;Alpine Mobel GmbH;Verona;VR;Matteo Serra SPA;Madrid;;ES;45;150,08;0,444;ECONOMY;ORD-2026-1919;365,48;80,41;445,89;CONSEGNATO;Destinatario assente
2026;100061;24/01/2026;Nordic Design AB;Torino;TO;Alessandro De Luca;Pescara;PE;IT;44;120,79;13,693;STANDARD;ORD-2026-4804;352,14;77,47;429,61;CONSEGNATO;
2026;100062;28/03/2026;Meridian Home SRL;Padova;PD;Sara Moretti;Brescia;BS;IT;20;319,65;6,370;ECONOMY;ORD-2026-8484;1.029,21;226,43;1.255,64;CONSEGNATO;
2025;100063;15/07/2025;Meridian Home SRL;Padova;PD;Chiara Conti SRL;Venezia;VE;IT;43;198,20;0,131;EXPRESS;ORD-2025-9138;804,64;177,02;981,66;IN TRANSITO;
2026;100064;23/03/2026;Nordic Design AB;Torino;TO;Marco Ferrari;Firenze;FI;IT;42;20,19;11,831;EXPRESS;ORD-2026-6977;132,32;29,11;161,43;CONSEGNATO;Ritirato al punto ritiro
2026;100065;26/01/2026;Nordic Design AB;Torino;TO;Davide Barbieri;Catania;CT;IT;18;415,32;3,862;SAME_DAY;ORD-2026-5835;1.217,76;267,91;1.485,67;CONSEGNATO;
2025;100066;26/04/2025;Comfort Zone SPA;Firenze;FI;Elena Costa SNC;Palermo;PA;IT;6;395,45;0,219;EXPRESS;ORD-2025-8451;734,63;161,62;896,25;CONSEGNATO;
2026;100067;28/03/2026;Nordic Design AB;Torino;TO;Elena Costa SNC;Pescara;PE;IT;40;111,07;0,958;SAME_DAY;ORD-2026-5951;359,89;79,18;439,07;CONSEGNATO;
2026;100068;15/01/2026;Acme Furniture SRL;Milano;MI;Anna Russo;Modena;MO;IT;30;185,82;14,241;SAME_DAY;ORD-2026-3531;706,65;155,46;862,11;IN GIACENZA;Indirizzo errato
2026;100069;05/01/2026;Comfort Zone SPA;Firenze;FI;Matteo Serra SPA;Brescia;BS;IT;24;50,13;10,288;ECONOMY;ORD-2026-1992;145,94;32,11;178,05;CONSEGNATO;Firma non disponibile
2026;100070;26/03/2026;Nordic Design AB;Torino;TO;Mario Rossi SRL;Pescara;PE;IT;22;122,16;1,898;STANDARD;ORD-2026-2124;447,10;98,36;545,46;CONSEGNATO;Firma non disponibile
2025;100071;17/03/2025;Meridian Home SRL;Padova;PD;Anna Russo;Firenze;FI;IT;17;399,36;1,658;EXPRESS;ORD-2025-3159;408,02;89,76;497,78;CONSEGNATO;
2025;100072;16/05/2025;Acme Furniture SRL;Milano;MI;Davide Barbieri SRL;Trieste;TS;IT;48;32,25;6,730;ECONOMY;ORD-2025-9408;225,43;49,59;275,02;CONSEGNATO;Indirizzo errato
2025;100073;04/12/2025;Meridian Home SRL;Padova;PD;Luca Bianchi;Milano;MI;IT;26;213,42;1,628;SAME_DAY;ORD-2025-2204;757,24;166,59;923,83;CONSEGNATO;
2026;100074;23/03/2026;Meridian Home SRL;Padova;PD;Alessandro De Luca;Bari;BA;IT;34;147,80;7,588;SAME_DAY;ORD-2026-2624;499,35;109,86;609,21;IN TRANSITO;Accesso negato al condominio
2025;100075;20/08/2025;Nordic Design AB;Torino;TO;Alessandro De Luca;Brescia;BS;IT;47;48,00;6,407;ECONOMY;ORD-2025-7132;345,47;76,00;421,47;CONSEGNATO;
2025;100076;10/08/2025;Acme Furniture SRL;Milano;MI;Anna Russo;Catania;CT;IT;4;293,44;8,428;ECONOMY;ORD-2025-3002;578,46;127,26;705,72;RESO;
2025;100077;04/11/2025;Casa Bella Trading;Bologna;BO;Davide Barbieri SPA;Ancona;AN;IT;10;328,54;3,371;EXPRESS;ORD-2025-6736;1.040,59;228,93;1.269,52;IN TRANSITO;Indirizzo errato
2025;100078;08/08/2025;Meridian Home SRL;Padova;PD;Laura Marini;Madrid;;ES;45;134,09;2,714;ECONOMY;ORD-2025-6567;330,43;72,69;403,12;CONSEGNATO;Consegna al piano
2026;100079;19/01/2026;Comfort Zone SPA;Firenze;FI;Giulia Esposito;Milano;MI;IT;34;107,96;6,303;ECONOMY;ORD-2026-3578;331,11;72,84;403,95;IN TRANSITO;Indirizzo errato
2025;100080;21/03/2025;Nordic Design AB;Torino;TO;Giulia Esposito SNC;Roma;RM;IT;29;331,14;7,290;SAME_DAY;ORD-2025-7785;629,27;138,44;767,71;CONSEGNATO;
2025;100081;14/12/2025;Comfort Zone SPA;Firenze;FI;Chiara Conti SRL;Parma;PR;IT;15;197,93;8,994;EXPRESS;ORD-2025-4349;353,02;77,66;430,68;CONSEGNATO;
2026;100082;16/01/2026;Acme Furniture SRL;Milano;MI;Carla Mancini SPA;Trieste;TS;IT;25;266,52;3,459;ECONOMY;ORD-2026-2180;601,38;132,30;733,68;CONSEGNATO;
2025;100083;10/06/2025;Meridian Home SRL;Padova;PD;Valentina Russo SNC;Palermo;PA;IT;8;202,81;14,493;STANDARD;ORD-2025-8538;655,61;144,23;799,84;CONSEGNATO;Firma non disponibile
2025;100084;12/08/2025;Meridian Home SRL;Padova;PD;Alessandro De Luca SNC;Torino;TO;IT;48;170,09;5,003;STANDARD;ORD-2025-2251;461,66;101,57;563,23;CONSEGNATO;Accesso negato al condominio
2026;100085;24/03/2026;Nordic Design AB;Torino;TO;Paolo Bruno SPA;Firenze;FI;IT;12;301,40;11,406;EXPRESS;ORD-2026-3902;1.059,64;233,12;1.292,76;CONSEGNATO;Indirizzo errato
2026;100086;14/03/2026;Comfort Zone SPA;Firenze;FI;Federico Gallo;Pescara;PE;IT;21;75,90;1,034;SAME_DAY;ORD-2026-5961;298,88;65,75;364,63;CONSEGNATO;
2026;100087;27/02/2026;Acme Furniture SRL;Milano;MI;Giulia Esposito;Venezia;VE;IT;6;307,70;7,611;SAME_DAY;ORD-2026-1672;645,80;142,08;787,88;IN TRANSITO;
2026;100088;20/01/2026;Acme Furniture SRL;Milano;MI;Giulia Esposito;Bari;BA;IT;42;86,69;3,724;SAME_DAY;ORD-2026-8199;344,66;75,83;420,49;CONSEGNATO;Accesso negato al condominio
2026;100089;22/02/2026;Casa Bella Trading;Bologna;BO;Federico Gallo SRL;Roma;RM;IT;22;47,71;10,179;ECONOMY;ORD-2026-5128;214,95;47,29;262,24;RESO;Firma non disponibile
2025;100090;11/02/2025;Meridian Home SRL;Padova;PD;Chiara Conti;Catania;CT;IT;45;331,24;1,943;EXPRESS;ORD-2025-6072;933,71;205,42;1.139,13;CONSEGNATO;
2025;100091;10/12/2025;Alpine Mobel GmbH;Verona;VR;Sara Moretti SNC;Milano;MI;IT;12;475,61;5,133;SAME_DAY;ORD-2025-4145;695,18;152,94;848,12;CONSEGNATO;Firma non disponibile
2025;100092;04/10/2025;Comfort Zone SPA;Firenze;FI;Federico Gallo;Berlin;;DE;9;298,82;2,322;STANDARD;ORD-2025-3712;835,79;183,87;1.019,66;CONSEGNATO;Ritirato al punto ritiro
2025;100093;09/11/2025;Casa Bella Trading;Bologna;BO;Elisa Ricci;Brescia;BS;IT;16;155,08;12,131;SAME_DAY;ORD-2025-4178;355,12;78,13;433,25;ANOMALIA;
2026;100094;18/02/2026;Meridian Home SRL;Padova;PD;Roberto Greco;Bologna;BO;IT;9;436,56;0,792;SAME_DAY;ORD-2026-7081;1.019,62;224,32;1.243,94;IN GIACENZA;Firma non disponibile
2025;100095;12/02/2025;Nordic Design AB;Torino;TO;Anna Russo;Parma;PR;IT;6;473,23;3,338;SAME_DAY;ORD-2025-6727;1.585,18;348,74;1.933,92;CONSEGNATO;
2025;100096;11/02/2025;Casa Bella Trading;Bologna;BO;Marco Ferrari;Bari;BA;IT;42;167,98;2,199;EXPRESS;ORD-2025-5700;682,92;150,24;833,16;IN GIACENZA;Pacco danneggiato
2026;100097;20/03/2026;Acme Furniture SRL;Milano;MI;Paolo Bruno SPA;Paris;;FR;10;274,63;10,911;SAME_DAY;ORD-2026-2821;818,55;180,08;998,63;CONSEGNATO;
2026;100098;21/03/2026;Alpine Mobel GmbH;Verona;VR;Laura Marini;Bergamo;BG;IT;2;316,16;8,630;STANDARD;ORD-2026-5772;626,64;137,86;764,50;CONSEGNATO;
2025;100099;09/12/2025;Acme Furniture SRL;Milano;MI;Giulia Esposito;Catania;CT;IT;35;253,91;14,825;EXPRESS;ORD-2025-7397;859,68;189,13;1.048,81;CONSEGNATO;
2026;100100;03/01/2026;Casa Bella Trading;Bologna;BO;Elisa Ricci;Catania;CT;IT;43;314,31;11,575;ECONOMY;ORD-2026-3185;435,75;95,86;531,61;IN GIACENZA;
2026;100101;03/03/2026;Comfort Zone SPA;Firenze;FI;Giulia Esposito;Firenze;FI;IT;50;471,83;0,564;STANDARD;ORD-2026-1717;1.615,30;355,37;1.970,67;CONSEGNATO;
2026;100102;11/03/2026;Alpine Mobel GmbH;Verona;VR;Chiara Conti SNC;Padova;PD;IT;50;24,38;9,839;ECONOMY;ORD-2026-3039;223,59;49,19;272,78;CONSEGNATO;
2026;100103;24/01/2026;Alpine Mobel GmbH;Verona;VR;Davide Barbieri SNC;Catania;CT;IT;6;363,68;1,193;STANDARD;ORD-2026-9937;590,56;129,92;720,48;CONSEGNATO;
2026;100104;19/03/2026;Comfort Zone SPA;Firenze;FI;Sara Moretti;Brescia;BS;IT;3;363,54;13,675;SAME_DAY;ORD-2026-5498;931,32;204,89;1.136,21;CONSEGNATO;Consegna al piano
2026;100105;07/03/2026;Comfort Zone SPA;Firenze;FI;Anna Russo;Milano;MI;IT;44;390,77;0,532;EXPRESS;ORD-2026-4866;1.256,43;276,41;1.532,84;CONSEGNATO;Indirizzo errato
2025;100106;20/03/2025;Comfort Zone SPA;Firenze;FI;Sara Moretti;Catania;CT;IT;49;38,90;2,074;ECONOMY;ORD-2025-7521;185,44;40,80;226,24;ANOMALIA;
2025;100107;23/09/2025;Alpine Mobel GmbH;Verona;VR;Paolo Bruno SNC;Paris;;FR;46;223,41;14,946;ECONOMY;ORD-2025-9047;390,33;85,87;476,20;CONSEGNATO;
2026;100108;10/02/2026;Comfort Zone SPA;Firenze;FI;Elena Costa;Torino;TO;IT;19;445,72;12,772;STANDARD;ORD-2026-6922;1.005,41;221,19;1.226,60;CONSEGNATO;
2025;100109;10/09/2025;Acme Furniture SRL;Milano;MI;Sara Moretti;Ancona;AN;IT;36;65,32;13,265;EXPRESS;ORD-2025-6067;266,81;58,70;325,51;CONSEGNATO;
2026;100110;15/03/2026;Acme Furniture SRL;Milano;MI;Giulia Esposito;Bari;BA;IT;30;340,21;5,174;STANDARD;ORD-2026-3114;810,18;178,24;988,42;CONSEGNATO;
2025;100111;26/03/2025;Nordic Design AB;Torino;TO;Sara Moretti;Verona;VR;IT;19;423,04;3,767;ECONOMY;ORD-2025-3050;1.121,70;246,77;1.368,47;CONSEGNATO;Consegna al piano
2025;100112;25/10/2025;Nordic Design AB;Torino;TO;Laura Marini SNC;Pescara;PE;IT;37;21,08;12,958;EXPRESS;ORD-2025-1744;226,20;49,76;275,96;CONSEGNATO;
2026;100113;23/03/2026;Acme Furniture SRL;Milano;MI;Chiara Conti;Modena;MO;IT;20;241,73;12,072;SAME_DAY;ORD-2026-5873;567,60;124,87;692,47;CONSEGNATO;
2026;100114;27/01/2026;Casa Bella Trading;Bologna;BO;Federico Gallo;Bari;BA;IT;23;487,70;1,970;ECONOMY;ORD-2026-9437;1.189,93;261,78;1.451,71;CONSEGNATO;
2026;100115;19/01/2026;Acme Furniture SRL;Milano;MI;Laura Marini;Palermo;PA;IT;16;481,36;13,536;ECONOMY;ORD-2026-6123;664,73;146,24;810,97;ANOMALIA;
2026;100116;09/02/2026;Alpine Mobel GmbH;Verona;VR;Davide Barbieri;Palermo;PA;IT;16;107,96;5,300;EXPRESS;ORD-2026-5609;304,04;66,89;370,93;IN TRANSITO;
2026;100117;02/01/2026;Acme Furniture SRL;Milano;MI;Sara Moretti;Genova;GE;IT;24;23,10;0,777;STANDARD;ORD-2026-6939;95,16;20,94;116,10;CONSEGNATO;Pacco danneggiato
2026;100118;21/03/2026;Comfort Zone SPA;Firenze;FI;Marco Ferrari;Firenze;FI;IT;24;397,55;5,093;ECONOMY;ORD-2026-3363;610,47;134,30;744,77;CONSEGNATO;
2025;100119;20/06/2025;Alpine Mobel GmbH;Verona;VR;Laura Marini;Firenze;FI;IT;9;164,32;9,200;STANDARD;ORD-2025-7438;607,75;133,71;741,46;CONSEGNATO;
2026;100120;14/03/2026;Casa Bella Trading;Bologna;BO;Sara Moretti SNC;Milano;MI;IT;44;55,25;6,254;ECONOMY;ORD-2026-1436;240,14;52,83;292,97;IN TRANSITO;Pacco danneggiato
2025;100121;27/01/2025;Meridian Home SRL;Padova;PD;Laura Marini;Parma;PR;IT;10;410,92;3,641;EXPRESS;ORD-2025-4125;375,73;82,66;458,39;CONSEGNATO;Ritirato al punto ritiro
2025;100122;14/09/2025;Meridian Home SRL;Padova;PD;Anna Russo;Paris;;FR;14;280,66;14,972;SAME_DAY;ORD-2025-9609;577,96;127,15;705,11;CONSEGNATO;Destinatario assente
2026;100123;15/02/2026;Comfort Zone SPA;Firenze;FI;Laura Marini;Genova;GE;IT;13;478,69;4,192;ECONOMY;ORD-2026-4684;1.663,98;366,08;2.030,06;IN TRANSITO;Ritirato al punto ritiro
2025;100124;27/12/2025;Alpine Mobel GmbH;Verona;VR;Elena Costa;Catania;CT;IT;18;144,25;8,606;SAME_DAY;ORD-2025-7464;521,28;114,68;635,96;IN GIACENZA;
2025;100125;10/02/2025;Casa Bella Trading;Bologna;BO;Francesca Lombardi SPA;Marseille;;FR;13;414,06;4,074;ECONOMY;ORD-2025-3249;506,57;111,45;618,02;CONSEGNATO;
2025;100126;30/04/2025;Acme Furniture SRL;Milano;MI;Francesca Lombardi SRL;Bari;BA;IT;44;385,50;0,088;STANDARD;ORD-2025-7666;1.189,58;261,71;1.451,29;CONSEGNATO;Consegna al piano
2025;100127;28/05/2025;Casa Bella Trading;Bologna;BO;Giulia Esposito;Roma;RM;IT;37;116,49;11,083;EXPRESS;ORD-2025-3868;388,60;85,49;474,09;RESO;
2026;100128;05/03/2026;Nordic Design AB;Torino;TO;Luca Bianchi SRL;Marseille;;FR;20;284,20;1,618;ECONOMY;ORD-2026-5662;650,89;143,20;794,09;CONSEGNATO;Accesso negato al condominio
2025;100129;16/09/2025;Alpine Mobel GmbH;Verona;VR;Federico Gallo SPA;Napoli;NA;IT;47;229,73;3,866;STANDARD;ORD-2025-1230;841,27;185,08;1.026,35;CONSEGNATO;Pacco danneggiato
2025;100130;09/11/2025;Comfort Zone SPA;Firenze;FI;Davide Barbieri SNC;Frankfurt;;DE;6;200,72;1,440;STANDARD;ORD-2025-8822;350,16;77,04;427,20;CONSEGNATO;
2026;100131;04/02/2026;Casa Bella Trading;Bologna;BO;Mario Rossi SNC;Ancona;AN;IT;42;180,10;3,552;EXPRESS;ORD-2026-8625;415,87;91,49;507,36;CONSEGNATO;Accesso negato al condominio
2026;100132;16/01/2026;Comfort Zone SPA;Firenze;FI;Sara Moretti;Marseille;;FR;15;109,95;2,012;STANDARD;ORD-2026-8454;364,24;80,13;444,37;CONSEGNATO;Destinatario assente
2026;100133;10/03/2026;Comfort Zone SPA;Firenze;FI;Laura Marini SRL;Munich;;DE;34;223,65;10,559;EXPRESS;ORD-2026-2838;332,38;73,12;405,50;CONSEGNATO;Indirizzo errato
2025;100134;17/06/2025;Meridian Home SRL;Padova;PD;Simone Fontana;Padova;PD;IT;6;449,50;6,688;EXPRESS;ORD-2025-8429;537,46;118,24;655,70;CONSEGNATO;Destinatario assente
2026;100135;09/02/2026;Comfort Zone SPA;Firenze;FI;Mario Rossi;Genova;GE;IT;14;289,37;0,689;ECONOMY;ORD-2026-2044;678,26;149,22;827,48;RESO;Accesso negato al condominio
2026;100136;06/02/2026;Alpine Mobel GmbH;Verona;VR;Valentina Russo SNC;Firenze;FI;IT;25;224,54;13,758;SAME_DAY;ORD-2026-7154;350,15;77,03;427,18;IN GIACENZA;
2026;100137;23/01/2026;Meridian Home SRL;Padova;PD;Elisa Ricci SRL;Firenze;FI;IT;49;11,86;4,482;SAME_DAY;ORD-2026-9715;134,52;29,59;164,11;CONSEGNATO;
2026;100138;15/01/2026;Acme Furniture SRL;Milano;MI;Laura Marini SRL;Frankfurt;;DE;16;103,44;1,522;EXPRESS;ORD-2026-8314;313,09;68,88;381,97;CONSEGNATO;Ritirato al punto ritiro
2025;100139;13/08/2025;Nordic Design AB;Torino;TO;Anna Russo;Roma;RM;IT;19;117,46;13,747;ECONOMY;ORD-2025-6253;255,87;56,29;312,16;ANOMALIA;Destinatario assente
2025;100140;03/06/2025;Casa Bella Trading;Bologna;BO;Carla Mancini;Ancona;AN;IT;44;213,89;7,439;ECONOMY;ORD-2025-7244;740,00;162,80;902,80;CONSEGNATO;
2026;100141;24/01/2026;Meridian Home SRL;Padova;PD;Chiara Conti;Verona;VR;IT;10;402,99;13,722;SAME_DAY;ORD-2026-7824;948,45;208,66;1.157,11;CONSEGNATO;
2026;100142;11/01/2026;Alpine Mobel GmbH;Verona;VR;Elena Costa;Berlin;;DE;13;26,24;5,664;EXPRESS;ORD-2026-2192;88,48;19,47;107,95;IN TRANSITO;Destinatario assente
2025;100143;17/04/2025;Casa Bella Trading;Bologna;BO;Roberto Greco SPA;Milano;MI;IT;48;59,10;14,994;SAME_DAY;ORD-2025-4974;348,51;76,67;425,18;CONSEGNATO;
2026;100144;06/02/2026;Alpine Mobel GmbH;Verona;VR;Chiara Conti SNC;Catania;CT;IT;24;256,65;7,464;EXPRESS;ORD-2026-8692;795,99;175,12;971,11;CONSEGNATO;
2026;100145;14/03/2026;Nordic Design AB;Torino;TO;Paolo Bruno;Milano;MI;IT;38;289,78;6,269;STANDARD;ORD-2026-4214;597,43;131,43;728,86;IN GIACENZA;
2026;100146;04/03/2026;Comfort Zone SPA;Firenze;FI;Matteo Serra SPA;Bergamo;BG;IT;47;397,59;2,547;SAME_DAY;ORD-2026-4015;1.462,04;321,65;1.783,69;CONSEGNATO;
2025;100147;08/02/2025;Comfort Zone SPA;Firenze;FI;Valentina Russo SPA;Milano;MI;IT;41;116,10;10,610;EXPRESS;ORD-2025-4583;366,47;80,62;447,09;CONSEGNATO;Consegna al piano
2026;100148;04/03/2026;Acme Furniture SRL;Milano;MI;Valentina Russo SRL;Modena;MO;IT;2;264,94;4,128;ECONOMY;ORD-2026-1280;579,09;127,40;706,49;CONSEGNATO;Accesso negato al condominio
2025;100149;19/02/2025;Meridian Home SRL;Padova;PD;Laura Marini;Padova;PD;IT;17;407,70;4,017;SAME_DAY;ORD-2025-2294;786,47;173,02;959,49;CONSEGNATO;Ritirato al punto ritiro
2025;100150;17/12/2025;Acme Furniture SRL;Milano;MI;Giulia Esposito;Roma;RM;IT;25;188,90;7,145;EXPRESS;ORD-2025-3807;304,76;67,05;371,81;CONSEGNATO;
2025;100151;22/01/2025;Nordic Design AB;Torino;TO;Francesca Lombardi SNC;Ancona;AN;IT;3;462,12;10,270;ECONOMY;ORD-2025-9897;1.077,65;237,08;1.314,73;RESO;
2025;100152;28/10/2025;Nordic Design AB;Torino;TO;Giulia Esposito SNC;Palermo;PA;IT;11;282,20;8,505;SAME_DAY;ORD-2025-9856;524,11;115,30;639,41;CONSEGNATO;Ritirato al punto ritiro
2025;100153;27/06/2025;Acme Furniture SRL;Milano;MI;Giulia Esposito SNC;Verona;VR;IT;39;384,62;14,323;SAME_DAY;ORD-2025-6347;434,27;95,54;529,81;ANOMALIA;
2025;100154;11/10/2025;Alpine Mobel GmbH;Verona;VR;Alessandro De Luca SRL;Ancona;AN;IT;50;309,50;11,973;EXPRESS;ORD-2025-2344;613,03;134,87;747,90;IN TRANSITO;
2026;100155;16/02/2026;Acme Furniture SRL;Milano;MI;Matteo Serra SNC;Venezia;VE;IT;49;135,25;1,996;STANDARD;ORD-2026-8061;440,74;96,96;537,70;CONSEGNATO;
2025;100156;11/10/2025;Acme Furniture SRL;Milano;MI;Alessandro De Luca SRL;Bari;BA;IT;19;207,20;11,690;STANDARD;ORD-2025-9537;314,45;69,18;383,63;CONSEGNATO;
2026;100157;19/01/2026;Acme Furniture SRL;Milano;MI;Valentina Russo SNC;Genova;GE;IT;31;391,44;5,423;STANDARD;ORD-2026-9123;1.008,46;221,86;1.230,32;CONSEGNATO;
2025;100158;20/06/2025;Meridian Home SRL;Padova;PD;Matteo Serra SNC;Bari;BA;IT;28;407,83;12,894;STANDARD;ORD-2025-5922;814,19;179,12;993,31;CONSEGNATO;
2025;100159;13/06/2025;Casa Bella Trading;Bologna;BO;Simone Fontana SPA;Bergamo;BG;IT;21;188,34;12,249;SAME_DAY;ORD-2025-6980;281,53;61,94;343,47;CONSEGNATO;Destinatario assente
2025;100160;09/10/2025;Acme Furniture SRL;Milano;MI;Roberto Greco;Seville;;ES;19;415,73;1,047;SAME_DAY;ORD-2025-9180;537,45;118,24;655,69;CONSEGNATO;
2026;100161;18/02/2026;Acme Furniture SRL;Milano;MI;Francesca Lombardi;Pescara;PE;IT;26;267,42;13,853;SAME_DAY;ORD-2026-9907;367,61;80,87;448,48;IN TRANSITO;Pacco danneggiato
2025;100162;08/05/2025;Comfort Zone SPA;Firenze;FI;Laura Marini SRL;Bologna;BO;IT;37;491,81;10,165;SAME_DAY;ORD-2025-6432;1.787,05;393,15;2.180,20;CONSEGNATO;
2025;100163;23/09/2025;Meridian Home SRL;Padova;PD;Elisa Ricci;Ancona;AN;IT;24;195,87;11,587;STANDARD;ORD-2025-6651;760,88;167,39;928,27;CONSEGNATO;Accesso negato al condominio
2025;100164;14/03/2025;Casa Bella Trading;Bologna;BO;Roberto Greco;Brescia;BS;IT;31;174,48;1,473;SAME_DAY;ORD-2025-6225;222,58;48,97;271,55;IN TRANSITO;
2026;100165;14/01/2026;Comfort Zone SPA;Firenze;FI;Davide Barbieri SPA;Munich;;DE;36;80,49;8,402;SAME_DAY;ORD-2026-4798;371,11;81,64;452,75;CONSEGNATO;Consegna al piano
2026;100166;04/01/2026;Comfort Zone SPA;Firenze;FI;Matteo Serra;Padova;PD;IT;28;194,72;10,574;STANDARD;ORD-2026-5560;672,56;147,96;820,52;CONSEGNATO;
2025;100167;16/06/2025;Nordic Design AB;Torino;TO;Francesca Lombardi;Genova;GE;IT;41;157,05;5,836;SAME_DAY;ORD-2025-2871;456,00;100,32;556,32;CONSEGNATO;Firma non disponibile
2026;100168;17/03/2026;Acme Furniture SRL;Milano;MI;Marco Ferrari SPA;Bari;BA;IT;20;58,92;5,606;STANDARD;ORD-2026-9369;180,68;39,75;220,43;CONSEGNATO;
2025;100169;22/11/2025;Meridian Home SRL;Padova;PD;Elena Costa SPA;Bologna;BO;IT;32;144,77;2,815;SAME_DAY;ORD-2025-1878;608,74;133,92;742,66;CONSEGNATO;
2026;100170;06/03/2026;Comfort Zone SPA;Firenze;FI;Valentina Russo;Bergamo;BG;IT;29;244,61;1,249;EXPRESS;ORD-2026-4613;460,00;101,20;561,20;CONSEGNATO;
2026;100171;05/03/2026;Meridian Home SRL;Padova;PD;Marco Ferrari SNC;Ancona;AN;IT;50;271,78;14,863;EXPRESS;ORD-2026-8231;866,55;190,64;1.057,19;CONSEGNATO;Firma non disponibile
2025;100172;17/01/2025;Alpine Mobel GmbH;Verona;VR;Matteo Serra SRL;Torino;TO;IT;50;406,04;3,156;ECONOMY;ORD-2025-8015;606,17;133,36;739,53;CONSEGNATO;
2025;100173;29/06/2025;Meridian Home SRL;Padova;PD;Carla Mancini SNC;Modena;MO;IT;46;146,67;8,595;EXPRESS;ORD-2025-3221;694,10;152,70;846,80;RESO;
2025;100174;09/03/2025;Nordic Design AB;Torino;TO;Elisa Ricci;Bari;BA;IT;26;244,98;8,666;ECONOMY;ORD-2025-7786;490,01;107,80;597,81;IN TRANSITO;Pacco danneggiato
2025;100175;21/09/2025;Comfort Zone SPA;Firenze;FI;Matteo Serra;Catania;CT;IT;21;291,19;13,035;EXPRESS;ORD-2025-8511;814,82;179,26;994,08;IN GIACENZA;Pacco danneggiato
2026;100176;24/02/2026;Nordic Design AB;Torino;TO;Chiara Conti SNC;Bari;BA;IT;36;289,18;8,496;SAME_DAY;ORD-2026-6631;1.079,53;237,50;1.317,03;CONSEGNATO;Consegna al piano
2026;100177;16/01/2026;Nordic Design AB;Torino;TO;Valentina Russo SPA;Milano;MI;IT;45;454,75;13,233;ECONOMY;ORD-2026-3604;1.643,00;361,46;2.004,46;CONSEGNATO;
2026;100178;17/02/2026;Comfort Zone SPA;Firenze;FI;Luca Bianchi;Lyon;;FR;41;153,10;10,495;STANDARD;ORD-2026-8032;555,92;122,30;678,22;CONSEGNATO;
2025;100179;31/10/2025;Nordic Design AB;Torino;TO;Mario Rossi SRL;Brescia;BS;IT;45;172,12;1,818;SAME_DAY;ORD-2025-3165;463,25;101,92;565,17;CONSEGNATO;Pacco danneggiato
2025;100180;10/06/2025;Casa Bella Trading;Bologna;BO;Alessandro De Luca SPA;Munich;;DE;42;496,47;2,151;EXPRESS;ORD-2025-3688;1.156,31;254,39;1.410,70;CONSEGNATO;
2026;100181;26/02/2026;Nordic Design AB;Torino;TO;Anna Russo SRL;Napoli;NA;IT;38;365,14;5,280;SAME_DAY;ORD-2026-6152;1.161,97;255,63;1.417,60;CONSEGNATO;
2026;100182;04/01/2026;Comfort Zone SPA;Firenze;FI;Davide Barbieri;Munich;;DE;33;94,73;5,882;EXPRESS;ORD-2026-4921;264,88;58,27;323,15;CONSEGNATO;Indirizzo errato
2025;100183;07/01/2025;Casa Bella Trading;Bologna;BO;Alessandro De Luca;Lyon;;FR;27;183,02;10,247;SAME_DAY;ORD-2025-2195;201,54;44,34;245,88;CONSEGNATO;
2025;100184;23/07/2025;Meridian Home SRL;Padova;PD;Valentina Russo;Parma;PR;IT;45;201,44;9,612;STANDARD;ORD-2025-5546;286,57;63,05;349,62;RESO;Pacco danneggiato
2025;100185;17/06/2025;Alpine Mobel GmbH;Verona;VR;Chiara Conti;Torino;TO;IT;28;365,11;12,699;EXPRESS;ORD-2025-5005;461,66;101,57;563,23;CONSEGNATO;Indirizzo errato
2025;100186;08/12/2025;Comfort Zone SPA;Firenze;FI;Marco Ferrari SRL;Bologna;BO;IT;46;69,04;0,180;SAME_DAY;ORD-2025-6680;347,79;76,51;424,30;IN TRANSITO;
2026;100187;04/02/2026;Comfort Zone SPA;Firenze;FI;Federico Gallo;Berlin;;DE;18;262,17;3,952;EXPRESS;ORD-2026-9128;581,64;127,96;709,60;CONSEGNATO;Indirizzo errato
2025;100188;22/03/2025;Casa Bella Trading;Bologna;BO;Marco Ferrari SPA;Ancona;AN;IT;48;254,66;0,670;EXPRESS;ORD-2025-5006;368,49;81,07;449,56;RESO;
2025;100189;02/12/2025;Alpine Mobel GmbH;Verona;VR;Valentina Russo;Verona;VR;IT;21;135,99;1,178;ECONOMY;ORD-2025-2956;390,92;86,00;476,92;CONSEGNATO;Pacco danneggiato
2025;100190;05/02/2025;Alpine Mobel GmbH;Verona;VR;Federico Gallo SRL;Hamburg;;DE;36;228,64;5,540;ECONOMY;ORD-2025-5979;724,04;159,29;883,33;CONSEGNATO;
2025;100191;07/10/2025;Nordic Design AB;Torino;TO;Mario Rossi SPA;Trieste;TS;IT;35;173,54;12,595;EXPRESS;ORD-2025-6488;272,54;59,96;332,50;IN GIACENZA;Ritirato al punto ritiro
2026;100192;27/01/2026;Meridian Home SRL;Padova;PD;Francesca Lombardi SRL;Seville;;ES;10;355,97;1,404;STANDARD;ORD-2026-9515;728,12;160,19;888,31;CONSEGNATO;Ritirato al punto ritiro
2025;100193;18/02/2025;Meridian Home SRL;Padova;PD;Giulia Esposito;Palermo;PA;IT;37;31,61;9,940;STANDARD;ORD-2025-4879;215,87;47,49;263,36;RESO;
2026;100194;27/02/2026;Casa Bella Trading;Bologna;BO;Anna Russo;Padova;PD;IT;7;78,13;2,474;SAME_DAY;ORD-2026-6145;171,89;37,82;209,71;ANOMALIA;
2026;100195;01/03/2026;Casa Bella Trading;Bologna;BO;Carla Mancini;Berlin;;DE;20;413,28;10,456;EXPRESS;ORD-2026-4522;1.316,34;289,59;1.605,93;CONSEGNATO;
2026;100196;07/03/2026;Acme Furniture SRL;Milano;MI;Carla Mancini SRL;Genova;GE;IT;26;427,37;8,344;STANDARD;ORD-2026-2551;987,20;217,18;1.204,38;CONSEGNATO;
2025;100197;24/04/2025;Nordic Design AB;Torino;TO;Sara Moretti;Palermo;PA;IT;41;468,82;1,270;ECONOMY;ORD-2025-2228;473,40;104,15;577,55;RESO;
2025;100198;19/06/2025;Acme Furniture SRL;Milano;MI;Luca Bianchi SPA;Brescia;BS;IT;37;216,86;10,869;SAME_DAY;ORD-2025-1483;508,34;111,83;620,17;CONSEGNATO;Accesso negato al condominio
2025;100199;24/05/2025;Alpine Mobel GmbH;Verona;VR;Laura Marini;Berlin;;DE;40;123,27;4,434;SAME_DAY;ORD-2025-8848;218,08;47,98;266,06;CONSEGNATO;
2025;100200;06/10/2025;Acme Furniture SRL;Milano;MI;Francesca Lombardi;Valencia;;ES;32;172,35;8,489;ECONOMY;ORD-2025-7363;314,64;69,22;383,86;CONSEGNATO;
2026;100201;02/03/2026;Meridian Home SRL;Padova;PD;Elisa Ricci SPA;Ancona;AN;IT;7;124,30;3,625;EXPRESS;ORD-2026-4594;327,22;71,99;399,21;CONSEGNATO;Accesso negato al condominio
2025;100202;02/05/2025;Meridian Home SRL;Padova;PD;Simone Fontana SRL;Catania;CT;IT;46;350,43;14,214;STANDARD;ORD-2025-4084;1.271,47;279,72;1.551,19;ANOMALIA;Destinatario assente
2026;100203;04/03/2026;Acme Furniture SRL;Milano;MI;Laura Marini SPA;Verona;VR;IT;2;263,46;0,020;STANDARD;ORD-2026-3137;457,41;100,63;558,04;IN GIACENZA;Firma non disponibile
2026;100204;03/01/2026;Nordic Design AB;Torino;TO;Marco Ferrari;Firenze;FI;IT;24;480,30;5,610;SAME_DAY;ORD-2026-2655;883,79;194,43;1.078,22;ANOMALIA;Ritirato al punto ritiro
2026;100205;23/03/2026;Alpine Mobel GmbH;Verona;VR;Elena Costa;Bologna;BO;IT;40;393,60;3,356;STANDARD;ORD-2026-7199;797,34;175,41;972,75;CONSEGNATO;Ritirato al punto ritiro
2025;100206;21/10/2025;Alpine Mobel GmbH;Verona;VR;Carla Mancini;Berlin;;DE;21;460,56;14,513;STANDARD;ORD-2025-2705;1.575,07;346,52;1.921,59;IN TRANSITO;
2026;100207;22/01/2026;Comfort Zone SPA;Firenze;FI;Federico Gallo;Berlin;;DE;1;132,97;3,751;EXPRESS;ORD-2026-6742;200,40;44,09;244,49;CONSEGNATO;
2026;100208;23/02/2026;Nordic Design AB;Torino;TO;Alessandro De Luca SNC;Frankfurt;;DE;35;187,99;12,434;STANDARD;ORD-2026-3664;529,85;116,57;646,42;CONSEGNATO;
2026;100209;14/01/2026;Acme Furniture SRL;Milano;MI;Carla Mancini;Palermo;PA;IT;5;273,75;13,473;EXPRESS;ORD-2026-6536;676,30;148,79;825,09;CONSEGNATO;
2026;100210;22/01/2026;Meridian Home SRL;Padova;PD;Luca Bianchi SRL;Munich;;DE;22;103,17;2,858;ECONOMY;ORD-2026-5612;205,77;45,27;251,04;CONSEGNATO;Destinatario assente
2026;100211;07/01/2026;Casa Bella Trading;Bologna;BO;Chiara Conti;Torino;TO;IT;41;300,31;3,003;EXPRESS;ORD-2026-4390;482,14;106,07;588,21;CONSEGNATO;Firma non disponibile
2025;100212;23/07/2025;Alpine Mobel GmbH;Verona;VR;Giulia Esposito;Genova;GE;IT;35;194,07;5,572;SAME_DAY;ORD-2025-7052;310,99;68,42;379,41;CONSEGNATO;
2025;100213;18/05/2025;Meridian Home SRL;Padova;PD;Giulia Esposito;Napoli;NA;IT;23;404,19;6,216;STANDARD;ORD-2025-1999;1.341,31;295,09;1.636,40;CONSEGNATO;Destinatario assente
2026;100214;31/01/2026;Alpine Mobel GmbH;Verona;VR;Luca Bianchi;Palermo;PA;IT;37;450,28;12,009;STANDARD;ORD-2026-2970;1.627,94;358,15;1.986,09;RESO;
2025;100215;09/04/2025;Nordic Design AB;Torino;TO;Valentina Russo SPA;Torino;TO;IT;41;74,37;8,930;ECONOMY;ORD-2025-2097;218,31;48,03;266,34;CONSEGNATO;Firma non disponibile
2026;100216;28/02/2026;Acme Furniture SRL;Milano;MI;Simone Fontana;Pescara;PE;IT;27;56,70;2,253;EXPRESS;ORD-2026-2730;181,54;39,94;221,48;CONSEGNATO;Destinatario assente
2026;100217;22/02/2026;Casa Bella Trading;Bologna;BO;Simone Fontana;Bergamo;BG;IT;31;19,21;4,138;STANDARD;ORD-2026-7581;160,40;35,29;195,69;CONSEGNATO;
2025;100218;01/09/2025;Casa Bella Trading;Bologna;BO;Federico Gallo SNC;Berlin;;DE;20;140,53;7,379;EXPRESS;ORD-2025-4734;261,61;57,55;319,16;CONSEGNATO;Firma non disponibile
2026;100219;23/02/2026;Meridian Home SRL;Padova;PD;Matteo Serra SPA;Padova;PD;IT;27;370,60;11,395;ECONOMY;ORD-2026-1920;867,59;190,87;1.058,46;CONSEGNATO;Destinatario assente
2026;100220;09/03/2026;Meridian Home SRL;Padova;PD;Roberto Greco SRL;Padova;PD;IT;16;17,02;0,768;ECONOMY;ORD-2026-4262;96,32;21,19;117,51;CONSEGNATO;Consegna al piano
2025;100221;16/01/2025;Nordic Design AB;Torino;TO;Matteo Serra SPA;Pescara;PE;IT;31;293,65;5,253;STANDARD;ORD-2025-5237;949,98;209,00;1.158,98;CONSEGNATO;
2025;100222;20/10/2025;Nordic Design AB;Torino;TO;Roberto Greco SNC;Munich;;DE;42;205,05;0,311;EXPRESS;ORD-2025-8767;826,85;181,91;1.008,76;CONSEGNATO;
2025;100223;08/11/2025;Casa Bella Trading;Bologna;BO;Valentina Russo;Genova;GE;IT;23;229,77;3,281;ECONOMY;ORD-2025-9530;761,67;167,57;929,24;CONSEGNATO;Destinatario assente
2026;100224;24/03/2026;Meridian Home SRL;Padova;PD;Marco Ferrari;Venezia;VE;IT;5;168,47;4,154;ECONOMY;ORD-2026-5536;273,51;60,17;333,68;RESO;
2025;100225;22/09/2025;Nordic Design AB;Torino;TO;Federico Gallo;Frankfurt;;DE;9;360,78;9,834;ECONOMY;ORD-2025-5250;1.198,30;263,63;1.461,93;IN TRANSITO;Indirizzo errato
2025;100226;24/04/2025;Comfort Zone SPA;Firenze;FI;Sara Moretti;Bergamo;BG;IT;20;422,79;12,611;STANDARD;ORD-2025-5813;488,61;107,49;596,10;CONSEGNATO;Pacco danneggiato
2025;100227;21/06/2025;Comfort Zone SPA;Firenze;FI;Elisa Ricci;Catania;CT;IT;20;210,53;13,304;ECONOMY;ORD-2025-5269;563,74;124,02;687,76;CONSEGNATO;
2025;100228;10/04/2025;Meridian Home SRL;Padova;PD;Davide Barbieri SNC;Palermo;PA;IT;27;27,50;12,815;STANDARD;ORD-2025-4281;181,23;39,87;221,10;RESO;
2025;100229;03/04/2025;Acme Furniture SRL;Milano;MI;Federico Gallo;Bologna;BO;IT;4;2,85;4,110;STANDARD;ORD-2025-3595;22,74;5,00;27,74;CONSEGNATO;Indirizzo errato
2026;100230;24/02/2026;Alpine Mobel GmbH;Verona;VR;Alessandro De Luca SRL;Bergamo;BG;IT;3;267,12;10,963;EXPRESS;ORD-2026-6279;769,63;169,32;938,95;CONSEGNATO;
2025;100231;22/12/2025;Casa Bella Trading;Bologna;BO;Alessandro De Luca;Napoli;NA;IT;38;153,40;0,989;EXPRESS;ORD-2025-5885;633,19;139,30;772,49;CONSEGNATO;Destinatario assente
2026;100232;18/01/2026;Casa Bella Trading;Bologna;BO;Sara Moretti SPA;Seville;;ES;11;474,07;13,774;SAME_DAY;ORD-2026-1313;716,12;157,55;873,67;CONSEGNATO;Ritirato al punto ritiro
2025;100233;16/09/2025;Nordic Design AB;Torino;TO;Alessandro De Luca;Roma;RM;IT;17;385,74;9,351;EXPRESS;ORD-2025-2771;1.015,96;223,51;1.239,47;IN TRANSITO;
2026;100234;16/01/2026;Meridian Home SRL;Padova;PD;Roberto Greco;Firenze;FI;IT;44;315,34;4,524;EXPRESS;ORD-2026-9524;641,40;141,11;782,51;CONSEGNATO;Firma non disponibile
2025;100235;13/11/2025;Acme Furniture SRL;Milano;MI;Francesca Lombardi SPA;Napoli;NA;IT;39;100,27;3,952;STANDARD;ORD-2025-6864;369,47;81,28;450,75;CONSEGNATO;
2025;100236;04/09/2025;Casa Bella Trading;Bologna;BO;Giulia Esposito SRL;Milano;MI;IT;37;334,68;2,246;EXPRESS;ORD-2025-9383;484,76;106,65;591,41;RESO;Consegna al piano
2025;100237;01/06/2025;Casa Bella Trading;Bologna;BO;Carla Mancini SRL;Napoli;NA;IT;19;180,43;10,155;SAME_DAY;ORD-2025-2898;269,54;59,30;328,84;CONSEGNATO;Firma non disponibile
2025;100238;28/11/2025;Nordic Design AB;Torino;TO;Laura Marini SNC;Brescia;BS;IT;47;46,93;12,226;STANDARD;ORD-2025-2865;317,13;69,77;386,90;CONSEGNATO;
2026;100239;23/02/2026;Comfort Zone SPA;Firenze;FI;Marco Ferrari SPA;Munich;;DE;45;363,34;14,724;STANDARD;ORD-2026-2699;859,35;189,06;1.048,41;IN GIACENZA;Consegna al piano
2026;100240;20/03/2026;Alpine Mobel GmbH;Verona;VR;Mario Rossi;Pescara;PE;IT;47;486,74;1,969;SAME_DAY;ORD-2026-2850;1.698,86;373,75;2.072,61;CONSEGNATO;Consegna al piano
2026;100241;28/03/2026;Meridian Home SRL;Padova;PD;Simone Fontana SPA;Ancona;AN;IT;43;436,64;7,791;EXPRESS;ORD-2026-8091;1.231,34;270,89;1.502,23;CONSEGNATO;Consegna al piano
2026;100242;13/03/2026;Meridian Home SRL;Padova;PD;Davide Barbieri;Bologna;BO;IT;32;434,77;1,132;SAME_DAY;ORD-2026-6253;787,25;173,19;960,44;CONSEGNATO;
2026;100243;31/01/2026;Acme Furniture SRL;Milano;MI;Matteo Serra SRL;Ancona;AN;IT;32;223,81;1,789;SAME_DAY;ORD-2026-1291;335,26;73,76;409,02;CONSEGNATO;
2025;100244;06/11/2025;Meridian Home SRL;Padova;PD;Elena Costa SPA;Parma;PR;IT;42;335,90;14,256;ECONOMY;ORD-2025-1889;1.196,42;263,21;1.459,63;CONSEGNATO;Pacco danneggiato
2026;100245;26/03/2026;Casa Bella Trading;Bologna;BO;Marco Ferrari;Napoli;NA;IT;15;1,60;5,334;ECONOMY;ORD-2026-9973;62,90;13,84;76,74;CONSEGNATO;
2026;100246;22/02/2026;Acme Furniture SRL;Milano;MI;Roberto Greco SRL;Padova;PD;IT;26;108,19;12,370;STANDARD;ORD-2026-6536;194,75;42,84;237,59;RESO;Firma non disponibile
2025;100247;19/08/2025;Alpine Mobel GmbH;Verona;VR;Anna Russo;Parma;PR;IT;1;265,42;0,738;SAME_DAY;ORD-2025-8912;879,01;193,38;1.072,39;RESO;Ritirato al punto ritiro
2025;100248;07/03/2025;Acme Furniture SRL;Milano;MI;Laura Marini SNC;Pescara;PE;IT;33;440,75;6,286;STANDARD;ORD-2025-5482;915,18;201,34;1.116,52;CONSEGNATO;Pacco danneggiato
2025;100249;31/07/2025;Meridian Home SRL;Padova;PD;Chiara Conti;Parma;PR;IT;36;430,42;10,681;STANDARD;ORD-2025-4291;732,06;161,05;893,11;IN TRANSITO;Accesso negato al condominio
2025;100250;29/11/2025;Nordic Design AB;Torino;TO;Marco Ferrari SNC;Bari;BA;IT;36;240,44;8,564;SAME_DAY;ORD-2025-9747;538,73;118,52;657,25;IN GIACENZA;Destinatario assente
2025;100251;15/07/2025;Nordic Design AB;Torino;TO;Roberto Greco SNC;Roma;RM;IT;49;392,87;14,753;ECONOMY;ORD-2025-3399;1.396,61;307,25;1.703,86;CONSEGNATO;Pacco danneggiato
2025;100252;20/08/2025;Acme Furniture SRL;Milano;MI;Elisa Ricci;Modena;MO;IT;42;280,85;3,572;ECONOMY;ORD-2025-1769;1.047,20;230,38;1.277,58;ANOMALIA;Consegna al piano
2026;100253;07/01/2026;Acme Furniture SRL;Milano;MI;Laura Marini;Padova;PD;IT;15;455,79;10,572;ECONOMY;ORD-2026-9955;1.306,21;287,37;1.593,58;IN TRANSITO;
2026;100254;23/01/2026;Comfort Zone SPA;Firenze;FI;Davide Barbieri SRL;Bologna;BO;IT;25;20,80;4,194;ECONOMY;ORD-2026-3131;137,20;30,18;167,38;CONSEGNATO;
2025;100255;20/03/2025;Casa Bella Trading;Bologna;BO;Chiara Conti;Pescara;PE;IT;37;275,31;1,102;ECONOMY;ORD-2025-9608;463,06;101,87;564,93;CONSEGNATO;Destinatario assente
2025;100256;06/10/2025;Meridian Home SRL;Padova;PD;Elisa Ricci SPA;Catania;CT;IT;43;166,28;5,418;STANDARD;ORD-2025-9691;495,19;108,94;604,13;IN TRANSITO;Consegna al piano
2025;100257;09/12/2025;Casa Bella Trading;Bologna;BO;Laura Marini SPA;Pescara;PE;IT;3;341,43;4,821;EXPRESS;ORD-2025-7322;521,79;114,79;636,58;CONSEGNATO;Destinatario assente
2026;100258;07/03/2026;Alpine Mobel GmbH;Verona;VR;Roberto Greco SNC;Venezia;VE;IT;33;41,63;1,448;EXPRESS;ORD-2026-2072;179,20;39,42;218,62;CONSEGNATO;Consegna al piano
2026;100259;14/01/2026;Nordic Design AB;Torino;TO;Giulia Esposito;Trieste;TS;IT;44;77,30;6,894;ECONOMY;ORD-2026-1620;154,46;33,98;188,44;IN TRANSITO;Destinatario assente
2025;100260;27/04/2025;Casa Bella Trading;Bologna;BO;Alessandro De Luca;Brescia;BS;IT;21;8,94;10,103;EXPRESS;ORD-2025-2036;99,94;21,99;121,93;IN TRANSITO;
2026;100261;14/01/2026;Casa Bella Trading;Bologna;BO;Laura Marini SRL;Venezia;VE;IT;19;382,75;6,571;SAME_DAY;ORD-2026-1504;860,01;189,20;1.049,21;CONSEGNATO;
2026;100262;19/01/2026;Casa Bella Trading;Bologna;BO;Mario Rossi;Catania;CT;IT;36;71,12;0,636;SAME_DAY;ORD-2026-9800;226,76;49,89;276,65;CONSEGNATO;Ritirato al punto ritiro
2026;100263;22/02/2026;Comfort Zone SPA;Firenze;FI;Carla Mancini SPA;Munich;;DE;15;308,63;3,799;EXPRESS;ORD-2026-3971;858,31;188,83;1.047,14;CONSEGNATO;Pacco danneggiato
2026;100264;12/03/2026;Acme Furniture SRL;Milano;MI;Paolo Bruno SRL;Torino;TO;IT;13;362,93;7,313;ECONOMY;ORD-2026-6851;465,31;102,37;567,68;CONSEGNATO;Indirizzo errato
2025;100265;12/06/2025;Alpine Mobel GmbH;Verona;VR;Chiara Conti;Pescara;PE;IT;38;76,62;8,507;ECONOMY;ORD-2025-8017;194,84;42,86;237,70;IN TRANSITO;Ritirato al punto ritiro
2026;100266;16/02/2026;Nordic Design AB;Torino;TO;Francesca Lombardi;Bari;BA;IT;29;179,69;4,589;EXPRESS;ORD-2026-3879;508,77;111,93;620,70;CONSEGNATO;Firma non disponibile
2025;100267;11/04/2025;Casa Bella Trading;Bologna;BO;Giulia Esposito SRL;Torino;TO;IT;33;316,00;12,192;SAME_DAY;ORD-2025-4485;1.139,27;250,64;1.389,91;CONSEGNATO;Destinatario assente
2026;100268;20/01/2026;Casa Bella Trading;Bologna;BO;Chiara Conti SPA;Ancona;AN;IT;30;250,81;1,367;ECONOMY;ORD-2026-9227;277,90;61,14;339,04;ANOMALIA;Indirizzo errato
2025;100269;21/09/2025;Nordic Design AB;Torino;TO;Simone Fontana;Bologna;BO;IT;43;436,16;2,202;SAME_DAY;ORD-2025-6878;575,63;126,64;702,27;CONSEGNATO;
2026;100270;06/01/2026;Comfort Zone SPA;Firenze;FI;Alessandro De Luca;Catania;CT;IT;30;440,84;0,608;ECONOMY;ORD-2026-2691;1.290,05;283,81;1.573,86;IN GIACENZA;Firma non disponibile
2026;100271;11/03/2026;Meridian Home SRL;Padova;PD;Sara Moretti;Palermo;PA;IT;42;449,16;1,177;ECONOMY;ORD-2026-7165;1.634,69;359,63;1.994,32;CONSEGNATO;Firma non disponibile
2026;100272;03/03/2026;Meridian Home SRL;Padova;PD;Matteo Serra SPA;Firenze;FI;IT;15;39,01;9,656;STANDARD;ORD-2026-3461;92,41;20,33;112,74;IN TRANSITO;
2025;100273;19/06/2025;Comfort Zone SPA;Firenze;FI;Francesca Lombardi SPA;Bergamo;BG;IT;38;81,04;12,502;EXPRESS;ORD-2025-4992;207,55;45,66;253,21;CONSEGNATO;Consegna al piano
2025;100274;17/03/2025;Acme Furniture SRL;Milano;MI;Davide Barbieri;Bologna;BO;IT;39;484,64;9,568;ECONOMY;ORD-2025-2404;812,42;178,73;991,15;CONSEGNATO;
2025;100275;30/07/2025;Meridian Home SRL;Padova;PD;Carla Mancini;Ancona;AN;IT;43;255,65;2,524;ECONOMY;ORD-2025-8429;691,14;152,05;843,19;CONSEGNATO;
2025;100276;14/04/2025;Meridian Home SRL;Padova;PD;Anna Russo;Frankfurt;;DE;7;89,12;13,525;EXPRESS;ORD-2025-9706;205,79;45,27;251,06;CONSEGNATO;
2025;100277;14/12/2025;Comfort Zone SPA;Firenze;FI;Sara Moretti SRL;Trieste;TS;IT;45;265,14;3,450;SAME_DAY;ORD-2025-7246;657,27;144,60;801,87;RESO;Firma non disponibile
2025;100278;10/03/2025;Casa Bella Trading;Bologna;BO;Giulia Esposito SNC;Verona;VR;IT;39;438,44;6,136;STANDARD;ORD-2025-1089;1.356,49;298,43;1.654,92;CONSEGNATO;
2025;100279;02/12/2025;Nordic Design AB;Torino;TO;Valentina Russo SNC;Bari;BA;IT;7;77,81;9,777;ECONOMY;ORD-2025-5281;262,74;57,80;320,54;CONSEGNATO;
2026;100280;27/01/2026;Alpine Mobel GmbH;Verona;VR;Francesca Lombardi SPA;Modena;MO;IT;24;279,77;7,262;ECONOMY;ORD-2026-6641;878,07;193,18;1.071,25;CONSEGNATO;Firma non disponibile
2025;100281;28/04/2025;Alpine Mobel GmbH;Verona;VR;Marco Ferrari SPA;Bologna;BO;IT;33;200,58;5,083;EXPRESS;ORD-2025-3633;494,13;108,71;602,84;IN GIACENZA;Firma non disponibile
2025;100282;04/11/2025;Alpine Mobel GmbH;Verona;VR;Elisa Ricci SNC;Genova;GE;IT;6;304,71;10,870;SAME_DAY;ORD-2025-9536;508,69;111,91;620,60;CONSEGNATO;Pacco danneggiato
2025;100283;11/09/2025;Alpine Mobel GmbH;Verona;VR;Chiara Conti SPA;Parma;PR;IT;3;392,09;7,663;STANDARD;ORD-2025-3776;1.035,50;227,81;1.263,31;IN TRANSITO;
2025;100284;24/07/2025;Casa Bella Trading;Bologna;BO;Simone Fontana SPA;Palermo;PA;IT;34;8,18;10,557;EXPRESS;ORD-2025-5661;140,12;30,83;170,95;CONSEGNATO;
2026;100285;19/03/2026;Nordic Design AB;Torino;TO;Simone Fontana SRL;Palermo;PA;IT;17;87,93;7,599;EXPRESS;ORD-2026-9243;222,05;48,85;270,90;IN GIACENZA;
2026;100286;26/02/2026;Alpine Mobel GmbH;Verona;VR;Federico Gallo;Verona;VR;IT;44;230,63;8,807;EXPRESS;ORD-2026-8896;333,31;73,33;406,64;CONSEGNATO;
2025;100287;11/06/2025;Alpine Mobel GmbH;Verona;VR;Paolo Bruno SPA;Madrid;;ES;19;46,96;10,109;ECONOMY;ORD-2025-2245;148,25;32,62;180,87;CONSEGNATO;
2026;100288;25/01/2026;Alpine Mobel GmbH;Verona;VR;Elisa Ricci SNC;Verona;VR;IT;14;114,99;12,526;ECONOMY;ORD-2026-3555;360,71;79,36;440,07;CONSEGNATO;Consegna al piano
2026;100289;01/01/2026;Meridian Home SRL;Padova;PD;Sara Moretti;Seville;;ES;21;246,42;14,781;ECONOMY;ORD-2026-9041;406,48;89,43;495,91;CONSEGNATO;
2025;100290;23/10/2025;Nordic Design AB;Torino;TO;Francesca Lombardi;Trieste;TS;IT;3;251,49;5,912;STANDARD;ORD-2025-8490;876,09;192,74;1.068,83;CONSEGNATO;Ritirato al punto ritiro
2025;100291;12/12/2025;Nordic Design AB;Torino;TO;Federico Gallo SNC;Napoli;NA;IT;40;430,99;2,815;ECONOMY;ORD-2025-4885;852,49;187,55;1.040,04;CONSEGNATO;
2026;100292;27/01/2026;Alpine Mobel GmbH;Verona;VR;Sara Moretti;Catania;CT;IT;18;225,64;8,575;STANDARD;ORD-2026-2636;697,31;153,41;850,72;CONSEGNATO;Firma non disponibile
2026;100293;19/01/2026;Comfort Zone SPA;Firenze;FI;Carla Mancini;Milano;MI;IT;32;67,67;13,400;ECONOMY;ORD-2026-8972;219,91;48,38;268,29;CONSEGNATO;
2025;100294;25/03/2025;Acme Furniture SRL;Milano;MI;Francesca Lombardi;Genova;GE;IT;7;225,20;5,027;ECONOMY;ORD-2025-6903;554,21;121,93;676,14;CONSEGNATO;
2026;100295;14/02/2026;Comfort Zone SPA;Firenze;FI;Simone Fontana;Barcelona;;ES;42;324,74;2,626;ECONOMY;ORD-2026-6818;682,87;150,23;833,10;IN TRANSITO;
2025;100296;11/11/2025;Casa Bella Trading;Bologna;BO;Carla Mancini;Firenze;FI;IT;22;211,20;9,189;SAME_DAY;ORD-2025-2168;273,53;60,18;333,71;CONSEGNATO;Consegna al piano
2026;100297;04/02/2026;Meridian Home SRL;Padova;PD;Matteo Serra SNC;Genova;GE;IT;48;293,67;14,483;SAME_DAY;ORD-2026-3741;456,62;100,46;557,08;IN TRANSITO;Consegna al piano
2026;100298;11/01/2026;Nordic Design AB;Torino;TO;Marco Ferrari SRL;Napoli;NA;IT;31;274,44;0,405;SAME_DAY;ORD-2026-9584;841,94;185,23;1.027,17;CONSEGNATO;
2025;100299;19/07/2025;Casa Bella Trading;Bologna;BO;Matteo Serra;Venezia;VE;IT;9;66,07;12,579;EXPRESS;ORD-2025-1575;211,83;46,60;258,43;CONSEGNATO;
2026;100300;11/03/2026;Casa Bella Trading;Bologna;BO;Elena Costa SPA;Firenze;FI;IT;38;298,99;9,469;SAME_DAY;ORD-2026-9576;883,67;194,41;1.078,08;RESO;
2025;100301;15/02/2025;Alpine Mobel GmbH;Verona;VR;Paolo Bruno SPA;Trieste;TS;IT;20;5,77;7,855;STANDARD;ORD-2025-6634;76,54;16,84;93,38;IN TRANSITO;
2026;100302;02/01/2026;Alpine Mobel GmbH;Verona;VR;Elisa Ricci SRL;Pescara;PE;IT;36;187,14;6,182;SAME_DAY;ORD-2026-7467;420,06;92,41;512,47;CONSEGNATO;Firma non disponibile
2026;100303;03/02/2026;Acme Furniture SRL;Milano;MI;Davide Barbieri;Verona;VR;IT;45;342,48;4,277;ECONOMY;ORD-2026-7765;526,11;115,74;641,85;CONSEGNATO;
2026;100304;27/02/2026;Casa Bella Trading;Bologna;BO;Roberto Greco SNC;Bergamo;BG;IT;2;76,50;14,546;EXPRESS;ORD-2026-4046;267,01;58,74;325,75;CONSEGNATO;
2025;100305;16/02/2025;Nordic Design AB;Torino;TO;Federico Gallo;Padova;PD;IT;20;392,97;7,481;ECONOMY;ORD-2025-8597;1.086,06;238,93;1.324,99;CONSEGNATO;Pacco danneggiato
2025;100306;17/05/2025;Alpine Mobel GmbH;Verona;VR;Carla Mancini SPA;Bergamo;BG;IT;17;408,72;12,425;EXPRESS;ORD-2025-5078;835,13;183,73;1.018,86;CONSEGNATO;
2025;100307;18/02/2025;Meridian Home SRL;Padova;PD;Francesca Lombardi;Padova;PD;IT;44;480,63;14,044;STANDARD;ORD-2025-1691;1.501,57;330,35;1.831,92;CONSEGNATO;
2026;100308;16/02/2026;Acme Furniture SRL;Milano;MI;Marco Ferrari SPA;Munich;;DE;41;217,36;0,236;ECONOMY;ORD-2026-2960;502,56;110,56;613,12;ANOMALIA;Indirizzo errato
2026;100309;18/03/2026;Nordic Design AB;Torino;TO;Elisa Ricci SPA;Torino;TO;IT;32;46,16;9,283;EXPRESS;ORD-2026-1979;146,48;32,23;178,71;CONSEGNATO;
2025;100310;30/04/2025;Casa Bella Trading;Bologna;BO;Matteo Serra;Valencia;;ES;13;11,17;5,673;STANDARD;ORD-2025-5107;77,62;17,08;94,70;CONSEGNATO;
2026;100311;14/03/2026;Nordic Design AB;Torino;TO;Matteo Serra SNC;Bari;BA;IT;39;457,28;8,322;EXPRESS;ORD-2026-9702;656,09;144,34;800,43;CONSEGNATO;
2026;100312;23/03/2026;Meridian Home SRL;Padova;PD;Mario Rossi;Bologna;BO;IT;24;388,12;3,589;EXPRESS;ORD-2026-9830;1.220,75;268,56;1.489,31;IN TRANSITO;Pacco danneggiato
2025;100313;25/05/2025;Casa Bella Trading;Bologna;BO;Marco Ferrari SRL;Bari;BA;IT;34;329,62;0,666;STANDARD;ORD-2025-3926;1.116,13;245,55;1.361,68;CONSEGNATO;
2025;100314;25/11/2025;Alpine Mobel GmbH;Verona;VR;Laura Marini;Parma;PR;IT;38;128,34;5,502;EXPRESS;ORD-2025-1214;509,77;112,15;621,92;CONSEGNATO;Accesso negato al condominio
2025;100315;24/11/2025;Acme Furniture SRL;Milano;MI;Sara Moretti;Trieste;TS;IT;4;411,91;3,995;EXPRESS;ORD-2025-2153;1.264,67;278,23;1.542,90;CONSEGNATO;Destinatario assente
2025;100316;29/04/2025;Meridian Home SRL;Padova;PD;Davide Barbieri;Padova;PD;IT;16;285,23;14,213;SAME_DAY;ORD-2025-2728;874,60;192,41;1.067,01;IN TRANSITO;Ritirato al punto ritiro
2026;100317;22/01/2026;Nordic Design AB;Torino;TO;Federico Gallo;Parma;PR;IT;11;267,18;9,003;ECONOMY;ORD-2026-6163;665,44;146,40;811,84;IN GIACENZA;
2026;100318;11/02/2026;Meridian Home SRL;Padova;PD;Roberto Greco;Modena;MO;IT;50;275,34;11,171;ECONOMY;ORD-2026-8412;697,44;153,44;850,88;IN TRANSITO;
2025;100319;11/03/2025;Casa Bella Trading;Bologna;BO;Roberto Greco SNC;Verona;VR;IT;2;385,88;14,151;ECONOMY;ORD-2025-9376;897,81;197,52;1.095,33;CONSEGNATO;
2026;100320;20/01/2026;Nordic Design AB;Torino;TO;Elisa Ricci SPA;Ancona;AN;IT;17;405,63;1,388;SAME_DAY;ORD-2026-4562;1.197,23;263,39;1.460,62;IN TRANSITO;
2026;100321;15/03/2026;Acme Furniture SRL;Milano;MI;Luca Bianchi;Venezia;VE;IT;37;191,08;11,704;ECONOMY;ORD-2026-6700;718,51;158,07;876,58;RESO;
2025;100322;01/12/2025;Meridian Home SRL;Padova;PD;Luca Bianchi SNC;Bordeaux;;FR;34;21,07;8,104;STANDARD;ORD-2025-6354;122,71;27,00;149,71;CONSEGNATO;Ritirato al punto ritiro
2026;100323;18/03/2026;Meridian Home SRL;Padova;PD;Valentina Russo SNC;Verona;VR;IT;26;74,43;5,049;SAME_DAY;ORD-2026-1807;232,59;51,17;283,76;CONSEGNATO;
2025;100324;11/03/2025;Alpine Mobel GmbH;Verona;VR;Alessandro De Luca;Bergamo;BG;IT;37;98,45;9,244;STANDARD;ORD-2025-4970;253,90;55,86;309,76;CONSEGNATO;Accesso negato al condominio
2025;100325;10/12/2025;Alpine Mobel GmbH;Verona;VR;Roberto Greco SNC;Catania;CT;IT;23;297,14;0,373;ECONOMY;ORD-2025-3773;1.114,19;245,12;1.359,31;ANOMALIA;
2025;100326;23/01/2025;Nordic Design AB;Torino;TO;Anna Russo;Catania;CT;IT;6;56,63;0,828;STANDARD;ORD-2025-5713;70,97;15,61;86,58;CONSEGNATO;
2026;100327;12/02/2026;Nordic Design AB;Torino;TO;Roberto Greco;Padova;PD;IT;34;375,30;8,237;STANDARD;ORD-2026-1301;840,68;184,95;1.025,63;CONSEGNATO;
2025;100328;26/05/2025;Nordic Design AB;Torino;TO;Paolo Bruno SRL;Pescara;PE;IT;30;327,55;0,135;SAME_DAY;ORD-2025-5445;989,22;217,63;1.206,85;CONSEGNATO;
2025;100329;29/11/2025;Alpine Mobel GmbH;Verona;VR;Davide Barbieri;Palermo;PA;IT;7;451,98;7,275;EXPRESS;ORD-2025-4054;638,47;140,46;778,93;CONSEGNATO;Ritirato al punto ritiro
2025;100330;07/05/2025;Meridian Home SRL;Padova;PD;Alessandro De Luca;Bergamo;BG;IT;11;9,68;10,268;ECONOMY;ORD-2025-5953;68,08;14,98;83,06;CONSEGNATO;Pacco danneggiato
2025;100331;12/05/2025;Alpine Mobel GmbH;Verona;VR;Elena Costa SNC;Berlin;;DE;15;76,28;13,459;STANDARD;ORD-2025-2438;261,19;57,46;318,65;IN TRANSITO;Firma non disponibile
2025;100332;04/05/2025;Meridian Home SRL;Padova;PD;Laura Marini SNC;Venezia;VE;IT;29;271,35;3,109;STANDARD;ORD-2025-9869;782,28;172,10;954,38;CONSEGNATO;Ritirato al punto ritiro
2025;100333;16/03/2025;Comfort Zone SPA;Firenze;FI;Federico Gallo SRL;Lyon;;FR;36;266,71;10,794;STANDARD;ORD-2025-6203;890,26;195,86;1.086,12;CONSEGNATO;
2026;100334;08/02/2026;Alpine Mobel GmbH;Verona;VR;Anna Russo SPA;Genova;GE;IT;7;66,21;0,403;ECONOMY;ORD-2026-4783;175,73;38,66;214,39;CONSEGNATO;
2026;100335;06/03/2026;Meridian Home SRL;Padova;PD;Carla Mancini;Catania;CT;IT;32;237,19;2,465;STANDARD;ORD-2026-1528;607,93;133,74;741,67;RESO;
2025;100336;10/12/2025;Nordic Design AB;Torino;TO;Carla Mancini;Torino;TO;IT;40;245,23;4,880;SAME_DAY;ORD-2025-5043;647,95;142,55;790,50;CONSEGNATO;Firma non disponibile
2026;100337;10/02/2026;Alpine Mobel GmbH;Verona;VR;Laura Marini;Ancona;AN;IT;34;320,88;10,565;EXPRESS;ORD-2026-9530;456,78;100,49;557,27;IN GIACENZA;Accesso negato al condominio
2025;100338;03/10/2025;Alpine Mobel GmbH;Verona;VR;Elena Costa;Madrid;;ES;34;382,70;14,439;STANDARD;ORD-2025-5770;916,59;201,65;1.118,24;IN TRANSITO;
2026;100339;24/02/2026;Casa Bella Trading;Bologna;BO;Davide Barbieri SPA;Roma;RM;IT;30;415,03;6,781;EXPRESS;ORD-2026-3945;1.348,13;296,59;1.644,72;IN TRANSITO;
2026;100340;11/02/2026;Alpine Mobel GmbH;Verona;VR;Simone Fontana;Brescia;BS;IT;13;441,33;1,362;ECONOMY;ORD-2026-3686;1.234,19;271,52;1.505,71;CONSEGNATO;
2026;100341;09/03/2026;Comfort Zone SPA;Firenze;FI;Laura Marini SPA;Parma;PR;IT;25;275,40;0,668;STANDARD;ORD-2026-6491;736,02;161,92;897,94;CONSEGNATO;Firma non disponibile
2025;100342;31/12/2025;Acme Furniture SRL;Milano;MI;Matteo Serra SNC;Venezia;VE;IT;41;90,76;13,479;STANDARD;ORD-2025-1057;322,99;71,06;394,05;CONSEGNATO;Firma non disponibile
2026;100343;01/01/2026;Meridian Home SRL;Padova;PD;Roberto Greco;Munich;;DE;43;238,12;6,158;EXPRESS;ORD-2026-1107;494,70;108,83;603,53;CONSEGNATO;Destinatario assente
2025;100344;05/04/2025;Nordic Design AB;Torino;TO;Luca Bianchi SPA;Catania;CT;IT;3;333,66;12,572;ECONOMY;ORD-2025-6424;1.101,10;242,24;1.343,34;CONSEGNATO;
2025;100345;26/05/2025;Meridian Home SRL;Padova;PD;Simone Fontana;Pescara;PE;IT;12;483,16;11,243;ECONOMY;ORD-2025-1587;538,58;118,49;657,07;CONSEGNATO;
2025;100346;07/08/2025;Meridian Home SRL;Padova;PD;Anna Russo SRL;Bergamo;BG;IT;45;429,77;4,945;SAME_DAY;ORD-2025-9595;687,74;151,30;839,04;CONSEGNATO;Indirizzo errato
2025;100347;19/12/2025;Meridian Home SRL;Padova;PD;Valentina Russo;Marseille;;FR;21;130,20;8,631;ECONOMY;ORD-2025-3125;388,09;85,38;473,47;IN TRANSITO;
2026;100348;24/01/2026;Meridian Home SRL;Padova;PD;Roberto Greco SRL;Venezia;VE;IT;8;12,48;9,386;EXPRESS;ORD-2026-4396;76,90;16,92;93,82;CONSEGNATO;
2026;100349;23/03/2026;Nordic Design AB;Torino;TO;Chiara Conti SNC;Padova;PD;IT;5;154,23;7,605;ECONOMY;ORD-2026-1100;184,12;40,51;224,63;CONSEGNATO;Indirizzo errato
2025;100350;31/03/2025;Nordic Design AB;Torino;TO;Francesca Lombardi;Bari;BA;IT;3;323,00;7,228;SAME_DAY;ORD-2025-9797;1.049,10;230,80;1.279,90;IN GIACENZA;Accesso negato al condominio
2025;100351;24/09/2025;Casa Bella Trading;Bologna;BO;Elena Costa;Bari;BA;IT;2;104,53;10,286;ECONOMY;ORD-2025-2084;362,24;79,69;441,93;CONSEGNATO;
2025;100352;07/11/2025;Alpine Mobel GmbH;Verona;VR;Chiara Conti;Napoli;NA;IT;21;355,07;4,080;EXPRESS;ORD-2025-9143;1.183,68;260,41;1.444,09;IN GIACENZA;
2025;100353;04/06/2025;Nordic Design AB;Torino;TO;Roberto Greco SRL;Roma;RM;IT;29;253,24;11,987;STANDARD;ORD-2025-4116;527,72;116,10;643,82;IN GIACENZA;
2026;100354;13/01/2026;Meridian Home SRL;Padova;PD;Roberto Greco;Firenze;FI;IT;3;229,95;10,708;EXPRESS;ORD-2026-1067;382,00;84,04;466,04;IN GIACENZA;Firma non disponibile
2025;100355;28/08/2025;Acme Furniture SRL;Milano;MI;Mario Rossi;Venezia;VE;IT;49;156,42;13,383;ECONOMY;ORD-2025-4285;327,40;72,03;399,43;CONSEGNATO;
2025;100356;18/03/2025;Nordic Design AB;Torino;TO;Laura Marini;Milano;MI;IT;33;51,64;8,143;ECONOMY;ORD-2025-5440;191,90;42,22;234,12;CONSEGNATO;
2025;100357;09/06/2025;Meridian Home SRL;Padova;PD;Luca Bianchi SPA;Frankfurt;;DE;2;235,63;10,136;EXPRESS;ORD-2025-7284;228,72;50,32;279,04;CONSEGNATO;Indirizzo errato
2026;100358;15/02/2026;Casa Bella Trading;Bologna;BO;Elena Costa SRL;Padova;PD;IT;49;382,33;8,521;EXPRESS;ORD-2026-8672;533,00;117,26;650,26;CONSEGNATO;Pacco danneggiato
2026;100359;30/01/2026;Nordic Design AB;Torino;TO;Paolo Bruno SNC;Pescara;PE;IT;26;92,08;13,760;ECONOMY;ORD-2026-6320;228,11;50,18;278,29;CONSEGNATO;
2026;100360;22/01/2026;Casa Bella Trading;Bologna;BO;Simone Fontana SPA;Pescara;PE;IT;33;51,91;12,265;EXPRESS;ORD-2026-6339;177,17;38,98;216,15;CONSEGNATO;
2026;100361;22/02/2026;Nordic Design AB;Torino;TO;Carla Mancini;Modena;MO;IT;25;33,50;3,131;SAME_DAY;ORD-2026-8132;145,55;32,02;177,57;IN TRANSITO;
2025;100362;31/12/2025;Meridian Home SRL;Padova;PD;Simone Fontana;Berlin;;DE;30;163,03;1,474;SAME_DAY;ORD-2025-3886;353,62;77,80;431,42;CONSEGNATO;Consegna al piano
2026;100363;05/03/2026;Comfort Zone SPA;Firenze;FI;Roberto Greco SPA;Torino;TO;IT;38;451,68;9,546;EXPRESS;ORD-2026-3403;1.284,56;282,60;1.567,16;CONSEGNATO;Indirizzo errato
2026;100364;27/01/2026;Comfort Zone SPA;Firenze;FI;Simone Fontana;Hamburg;;DE;20;459,29;14,051;ECONOMY;ORD-2026-2462;1.162,87;255,83;1.418,70;CONSEGNATO;Firma non disponibile
2025;100365;31/05/2025;Acme Furniture SRL;Milano;MI;Luca Bianchi SRL;Modena;MO;IT;46;280,24;14,681;EXPRESS;ORD-2025-5623;986,08;216,94;1.203,02;IN TRANSITO;
2026;100366;18/02/2026;Alpine Mobel GmbH;Verona;VR;Roberto Greco;Modena;MO;IT;12;237,70;2,832;SAME_DAY;ORD-2026-6902;753,72;165,82;919,54;ANOMALIA;Consegna al piano
2025;100367;06/01/2025;Acme Furniture SRL;Milano;MI;Francesca Lombardi;Firenze;FI;IT;28;487,50;2,045;STANDARD;ORD-2025-7813;1.651,75;363,38;2.015,13;IN TRANSITO;Accesso negato al condominio
2026;100368;24/01/2026;Alpine Mobel GmbH;Verona;VR;Matteo Serra;Modena;MO;IT;23;113,26;6,377;EXPRESS;ORD-2026-9161;403,12;88,69;491,81;CONSEGNATO;
2026;100369;05/01/2026;Meridian Home SRL;Padova;PD;Marco Ferrari;Catania;CT;IT;31;480,89;1,210;ECONOMY;ORD-2026-8617;1.159,21;255,03;1.414,24;CONSEGNATO;
2026;100370;26/03/2026;Comfort Zone SPA;Firenze;FI;Simone Fontana SNC;Modena;MO;IT;40;26,86;5,160;EXPRESS;ORD-2026-8681;241,26;53,08;294,34;CONSEGNATO;
2026;100371;07/02/2026;Casa Bella Trading;Bologna;BO;Chiara Conti;Pescara;PE;IT;37;130,59;9,443;STANDARD;ORD-2026-1845;429,17;94,42;523,59;IN TRANSITO;
2026;100372;11/01/2026;Nordic Design AB;Torino;TO;Paolo Bruno SPA;Genova;GE;IT;40;140,85;12,869;EXPRESS;ORD-2026-2827;529,73;116,54;646,27;IN TRANSITO;Consegna al piano
2026;100373;23/01/2026;Casa Bella Trading;Bologna;BO;Francesca Lombardi SPA;Verona;VR;IT;34;431,08;5,149;EXPRESS;ORD-2026-3376;1.186,81;261,10;1.447,91;IN GIACENZA;Pacco danneggiato
2026;100374;19/02/2026;Nordic Design AB;Torino;TO;Roberto Greco;Bologna;BO;IT;47;421,00;0,824;ECONOMY;ORD-2026-2900;543,33;119,53;662,86;CONSEGNATO;
2025;100375;16/12/2025;Comfort Zone SPA;Firenze;FI;Anna Russo;Genova;GE;IT;28;6,43;13,909;SAME_DAY;ORD-2025-7258;153,18;33,70;186,88;IN TRANSITO;
2025;100376;23/11/2025;Casa Bella Trading;Bologna;BO;Laura Marini;Seville;;ES;18;167,82;4,014;EXPRESS;ORD-2025-5183;482,39;106,13;588,52;IN TRANSITO;Ritirato al punto ritiro
2025;100377;11/12/2025;Meridian Home SRL;Padova;PD;Federico Gallo;Parma;PR;IT;45;496,61;4,706;EXPRESS;ORD-2025-1138;1.581,84;348,00;1.929,84;CONSEGNATO;
2026;100378;29/01/2026;Comfort Zone SPA;Firenze;FI;Luca Bianchi SRL;Padova;PD;IT;40;46,42;14,078;STANDARD;ORD-2026-2995;202,68;44,59;247,27;IN GIACENZA;
2026;100379;24/03/2026;Meridian Home SRL;Padova;PD;Marco Ferrari;Munich;;DE;12;127,04;7,010;EXPRESS;ORD-2026-8429;447,73;98,50;546,23;CONSEGNATO;Accesso negato al condominio
2026;100380;21/01/2026;Acme Furniture SRL;Milano;MI;Alessandro De Luca;Roma;RM;IT;22;497,98;3,881;ECONOMY;ORD-2026-3915;1.061,62;233,56;1.295,18;RESO;Indirizzo errato
2026;100381;24/03/2026;Alpine Mobel GmbH;Verona;VR;Valentina Russo SPA;Modena;MO;IT;40;321,85;13,690;ECONOMY;ORD-2026-2692;357,63;78,68;436,31;IN TRANSITO;Pacco danneggiato
2026;100382;05/03/2026;Nordic Design AB;Torino;TO;Luca Bianchi;Milano;MI;IT;25;133,59;10,504;SAME_DAY;ORD-2026-1060;412,51;90,75;503,26;CONSEGNATO;
2026;100383;09/01/2026;Meridian Home SRL;Padova;PD;Francesca Lombardi SRL;Palermo;PA;IT;37;267,88;14,874;ECONOMY;ORD-2026-5961;641,44;141,12;782,56;ANOMALIA;
2026;100384;13/02/2026;Acme Furniture SRL;Milano;MI;Roberto Greco SPA;Hamburg;;DE;36;20,15;5,769;STANDARD;ORD-2026-5896;220,93;48,60;269,53;CONSEGNATO;
2026;100385;22/03/2026;Alpine Mobel GmbH;Verona;VR;Luca Bianchi SPA;Firenze;FI;IT;2;360,01;8,898;SAME_DAY;ORD-2026-7369;356,02;78,32;434,34;CONSEGNATO;Destinatario assente
2026;100386;05/01/2026;Casa Bella Trading;Bologna;BO;Alessandro De Luca SRL;Roma;RM;IT;14;403,65;10,013;SAME_DAY;ORD-2026-9791;534,65;117,62;652,27;RESO;
2025;100387;01/12/2025;Acme Furniture SRL;Milano;MI;Luca Bianchi SPA;Pescara;PE;IT;45;324,57;0,225;EXPRESS;ORD-2025-6035;1.061,73;233,58;1.295,31;CONSEGNATO;Firma non disponibile
2025;100388;24/02/2025;Acme Furniture SRL;Milano;MI;Elisa Ricci SRL;Pescara;PE;IT;13;213,39;12,175;SAME_DAY;ORD-2025-6312;290,94;64,01;354,95;CONSEGNATO;
2025;100389;24/01/2025;Meridian Home SRL;Padova;PD;Marco Ferrari SNC;Torino;TO;IT;10;378,90;2,529;ECONOMY;ORD-2025-3703;799,28;175,84;975,12;CONSEGNATO;
2026;100390;21/01/2026;Acme Furniture SRL;Milano;MI;Mario Rossi SRL;Berlin;;DE;12;463,11;10,604;ECONOMY;ORD-2026-7819;1.288,92;283,56;1.572,48;CONSEGNATO;
2025;100391;24/11/2025;Casa Bella Trading;Bologna;BO;Elisa Ricci SPA;Trieste;TS;IT;40;345,99;8,948;SAME_DAY;ORD-2025-2442;1.032,26;227,10;1.259,36;CONSEGNATO;
2025;100392;02/03/2025;Meridian Home SRL;Padova;PD;Elena Costa;Valencia;;ES;15;232,38;9,401;STANDARD;ORD-2025-5528;247,62;54,48;302,10;CONSEGNATO;Firma non disponibile
2026;100393;23/01/2026;Nordic Design AB;Torino;TO;Luca Bianchi;Roma;RM;IT;24;142,89;6,526;ECONOMY;ORD-2026-8424;229,22;50,43;279,65;RESO;
2025;100394;15/01/2025;Alpine Mobel GmbH;Verona;VR;Elisa Ricci;Torino;TO;IT;29;296,56;4,896;STANDARD;ORD-2025-6336;476,14;104,75;580,89;CONSEGNATO;
2026;100395;26/01/2026;Alpine Mobel GmbH;Verona;VR;Francesca Lombardi;Berlin;;DE;32;27,64;6,544;STANDARD;ORD-2026-8454;125,23;27,55;152,78;CONSEGNATO;
2026;100396;26/01/2026;Casa Bella Trading;Bologna;BO;Luca Bianchi SNC;Ancona;AN;IT;9;56,00;6,988;SAME_DAY;ORD-2026-3804;180,19;39,64;219,83;CONSEGNATO;
2025;100397;11/10/2025;Nordic Design AB;Torino;TO;Francesca Lombardi SPA;Parma;PR;IT;38;237,01;6,947;EXPRESS;ORD-2025-8014;750,51;165,11;915,62;CONSEGNATO;Indirizzo errato
2025;100398;18/03/2025;Meridian Home SRL;Padova;PD;Luca Bianchi SRL;Frankfurt;;DE;31;366,87;7,568;SAME_DAY;ORD-2025-9701;818,44;180,06;998,50;IN TRANSITO;
2026;100399;31/01/2026;Acme Furniture SRL;Milano;MI;Valentina Russo SPA;Milano;MI;IT;9;179,52;3,594;EXPRESS;ORD-2026-1260;399,27;87,84;487,11;IN TRANSITO;Firma non disponibile
2025;100400;26/08/2025;Nordic Design AB;Torino;TO;Carla Mancini SNC;Frankfurt;;DE;41;232,42;9,505;EXPRESS;ORD-2025-7305;855,87;188,29;1.044,16;CONSEGNATO;
2026;100401;20/03/2026;Meridian Home SRL;Padova;PD;Giulia Esposito;Padova;PD;IT;22;368,01;0,832;ECONOMY;ORD-2026-1844;465,82;102,48;568,30;CONSEGNATO;
2026;100402;24/03/2026;Meridian Home SRL;Padova;PD;Roberto Greco SPA;Modena;MO;IT;22;119,70;1,712;SAME_DAY;ORD-2026-4437;430,77;94,77;525,54;CONSEGNATO;Accesso negato al condominio
2026;100403;24/02/2026;Casa Bella Trading;Bologna;BO;Sara Moretti;Catania;CT;IT;32;250,97;12,445;SAME_DAY;ORD-2026-9714;768,09;168,98;937,07;CONSEGNATO;Indirizzo errato
2026;100404;28/03/2026;Comfort Zone SPA;Firenze;FI;Roberto Greco;Berlin;;DE;6;40,55;13,470;ECONOMY;ORD-2026-2260;59,21;13,03;72,24;IN TRANSITO;
2025;100405;15/04/2025;Meridian Home SRL;Padova;PD;Chiara Conti;Madrid;;ES;44;270,95;1,989;ECONOMY;ORD-2025-7883;706,75;155,49;862,24;CONSEGNATO;
2025;100406;29/04/2025;Meridian Home SRL;Padova;PD;Simone Fontana SNC;Trieste;TS;IT;42;323,20;4,901;SAME_DAY;ORD-2025-8503;606,31;133,39;739,70;IN TRANSITO;
2026;100407;03/03/2026;Casa Bella Trading;Bologna;BO;Anna Russo SNC;Madrid;;ES;19;228,24;2,504;STANDARD;ORD-2026-9770;451,59;99,35;550,94;IN GIACENZA;Ritirato al punto ritiro
2025;100408;02/05/2025;Acme Furniture SRL;Milano;MI;Simone Fontana SPA;Bari;BA;IT;29;130,57;2,776;EXPRESS;ORD-2025-6192;507,76;111,71;619,47;CONSEGNATO;
2026;100409;04/01/2026;Alpine Mobel GmbH;Verona;VR;Matteo Serra SNC;Lyon;;FR;10;2,65;11,080;ECONOMY;ORD-2026-5842;30,65;6,74;37,39;RESO;Indirizzo errato
2025;100410;17/10/2025;Comfort Zone SPA;Firenze;FI;Federico Gallo;Bordeaux;;FR;8;365,95;13,504;STANDARD;ORD-2025-2914;620,41;136,49;756,90;IN GIACENZA;
2026;100411;11/02/2026;Acme Furniture SRL;Milano;MI;Simone Fontana;Padova;PD;IT;15;390,75;11,509;STANDARD;ORD-2026-1369;467,89;102,94;570,83;IN TRANSITO;
2026;100412;04/03/2026;Casa Bella Trading;Bologna;BO;Luca Bianchi;Parma;PR;IT;24;199,08;10,742;SAME_DAY;ORD-2026-7056;403,83;88,84;492,67;CONSEGNATO;
2026;100413;13/03/2026;Acme Furniture SRL;Milano;MI;Valentina Russo;Brescia;BS;IT;19;82,31;10,923;SAME_DAY;ORD-2026-7786;164,41;36,17;200,58;CONSEGNATO;
2026;100414;09/03/2026;Casa Bella Trading;Bologna;BO;Alessandro De Luca SRL;Ancona;AN;IT;1;205,03;13,717;SAME_DAY;ORD-2026-3865;475,70;104,65;580,35;IN TRANSITO;
2025;100415;15/07/2025;Casa Bella Trading;Bologna;BO;Chiara Conti;Roma;RM;IT;20;247,30;11,100;STANDARD;ORD-2025-1439;766,93;168,72;935,65;CONSEGNATO;Consegna al piano
2026;100416;25/03/2026;Comfort Zone SPA;Firenze;FI;Carla Mancini;Frankfurt;;DE;45;322,57;0,436;ECONOMY;ORD-2026-9078;1.202,07;264,46;1.466,53;IN TRANSITO;Indirizzo errato
2026;100417;25/02/2026;Casa Bella Trading;Bologna;BO;Marco Ferrari SNC;Bergamo;BG;IT;33;366,61;0,273;ECONOMY;ORD-2026-3668;935,42;205,79;1.141,21;CONSEGNATO;Ritirato al punto ritiro
2025;100418;25/03/2025;Acme Furniture SRL;Milano;MI;Sara Moretti SRL;Trieste;TS;IT;19;146,19;9,588;EXPRESS;ORD-2025-9419;263,72;58,02;321,74;IN TRANSITO;Indirizzo errato
2025;100419;15/06/2025;Casa Bella Trading;Bologna;BO;Paolo Bruno;Hamburg;;DE;45;344,33;1,447;ECONOMY;ORD-2025-3354;436,57;96,05;532,62;CONSEGNATO;
2026;100420;21/01/2026;Acme Furniture SRL;Milano;MI;Elisa Ricci SPA;Parma;PR;IT;36;306,91;12,473;EXPRESS;ORD-2026-7837;690,74;151,96;842,70;IN GIACENZA;Accesso negato al condominio
2025;100421;28/06/2025;Casa Bella Trading;Bologna;BO;Matteo Serra;Firenze;FI;IT;34;381,91;5,137;ECONOMY;ORD-2025-1471;1.138,30;250,43;1.388,73;CONSEGNATO;Ritirato al punto ritiro
2025;100422;27/04/2025;Casa Bella Trading;Bologna;BO;Giulia Esposito;Firenze;FI;IT;45;381,63;1,685;EXPRESS;ORD-2025-8934;1.159,86;255,17;1.415,03;CONSEGNATO;Pacco danneggiato
2025;100423;02/03/2025;Casa Bella Trading;Bologna;BO;Mario Rossi SRL;Venezia;VE;IT;8;460,09;3,089;STANDARD;ORD-2025-4027;1.213,94;267,07;1.481,01;CONSEGNATO;Ritirato al punto ritiro
2026;100424;14/02/2026;Casa Bella Trading;Bologna;BO;Laura Marini SPA;Parma;PR;IT;33;285,33;1,496;EXPRESS;ORD-2026-9664;467,06;102,75;569,81;CONSEGNATO;Accesso negato al condominio
2025;100425;20/02/2025;Nordic Design AB;Torino;TO;Sara Moretti;Bordeaux;;FR;38;92,97;10,106;EXPRESS;ORD-2025-3963;471,43;103,71;575,14;CONSEGNATO;Destinatario assente
2025;100426;27/02/2025;Casa Bella Trading;Bologna;BO;Davide Barbieri SPA;Napoli;NA;IT;32;381,26;10,574;EXPRESS;ORD-2025-2347;703,73;154,82;858,55;CONSEGNATO;Indirizzo errato
2026;100427;26/02/2026;Nordic Design AB;Torino;TO;Valentina Russo SPA;Venezia;VE;IT;5;447,43;12,039;ECONOMY;ORD-2026-3937;392,69;86,39;479,08;IN TRANSITO;
2026;100428;26/03/2026;Comfort Zone SPA;Firenze;FI;Alessandro De Luca;Firenze;FI;IT;45;295,48;1,535;STANDARD;ORD-2026-2060;625,41;137,59;763,00;CONSEGNATO;Firma non disponibile
2026;100429;30/01/2026;Alpine Mobel GmbH;Verona;VR;Simone Fontana;Genova;GE;IT;18;378,27;12,017;SAME_DAY;ORD-2026-6834;853,59;187,79;1.041,38;CONSEGNATO;
2026;100430;28/02/2026;Acme Furniture SRL;Milano;MI;Francesca Lombardi SPA;Bergamo;BG;IT;41;471,23;0,456;EXPRESS;ORD-2026-2117;1.076,11;236,74;1.312,85;CONSEGNATO;Indirizzo errato
2026;100431;08/02/2026;Meridian Home SRL;Padova;PD;Davide Barbieri;Torino;TO;IT;30;101,36;9,935;SAME_DAY;ORD-2026-9270;233,78;51,43;285,21;IN GIACENZA;Destinatario assente
2025;100432;17/01/2025;Alpine Mobel GmbH;Verona;VR;Alessandro De Luca;Berlin;;DE;21;426,51;6,644;EXPRESS;ORD-2025-1538;624,85;137,47;762,32;IN TRANSITO;Accesso negato al condominio
2025;100433;09/08/2025;Nordic Design AB;Torino;TO;Francesca Lombardi SRL;Palermo;PA;IT;37;337,67;9,905;SAME_DAY;ORD-2025-8797;858,49;188,87;1.047,36;CONSEGNATO;
2026;100434;18/02/2026;Meridian Home SRL;Padova;PD;Federico Gallo SRL;Venezia;VE;IT;2;295,44;1,932;ECONOMY;ORD-2026-6715;889,21;195,63;1.084,84;IN TRANSITO;Consegna al piano
2026;100435;13/01/2026;Alpine Mobel GmbH;Verona;VR;Valentina Russo SNC;Catania;CT;IT;4;330,79;3,722;ECONOMY;ORD-2026-2391;1.084,65;238,62;1.323,27;CONSEGNATO;
2025;100436;03/10/2025;Casa Bella Trading;Bologna;BO;Simone Fontana;Trieste;TS;IT;27;133,68;10,442;EXPRESS;ORD-2025-6185;320,67;70,55;391,22;CONSEGNATO;Pacco danneggiato
2026;100437;28/03/2026;Nordic Design AB;Torino;TO;Federico Gallo SPA;Parma;PR;IT;40;150,11;14,542;STANDARD;ORD-2026-9142;574,01;126,28;700,29;CONSEGNATO;Firma non disponibile
2025;100438;16/05/2025;Acme Furniture SRL;Milano;MI;Alessandro De Luca SPA;Ancona;AN;IT;40;371,57;1,388;EXPRESS;ORD-2025-6518;710,81;156,38;867,19;CONSEGNATO;
2025;100439;09/02/2025;Comfort Zone SPA;Firenze;FI;Valentina Russo;Hamburg;;DE;35;157,02;6,221;ECONOMY;ORD-2025-9443;463,79;102,03;565,82;CONSEGNATO;
2025;100440;13/09/2025;Nordic Design AB;Torino;TO;Paolo Bruno;Brescia;BS;IT;35;404,56;12,793;SAME_DAY;ORD-2025-1981;991,25;218,07;1.209,32;CONSEGNATO;
2026;100441;25/02/2026;Alpine Mobel GmbH;Verona;VR;Roberto Greco;Torino;TO;IT;18;411,94;9,694;ECONOMY;ORD-2026-4868;815,13;179,33;994,46;CONSEGNATO;
2026;100442;04/03/2026;Meridian Home SRL;Padova;PD;Luca Bianchi SPA;Seville;;ES;11;136,72;0,447;ECONOMY;ORD-2026-3883;365,34;80,37;445,71;IN TRANSITO;Pacco danneggiato
2025;100443;12/02/2025;Casa Bella Trading;Bologna;BO;Valentina Russo SNC;Torino;TO;IT;43;328,89;1,364;STANDARD;ORD-2025-4867;537,55;118,26;655,81;RESO;Destinatario assente
2026;100444;12/01/2026;Nordic Design AB;Torino;TO;Federico Gallo;Bari;BA;IT;48;195,28;11,228;STANDARD;ORD-2026-7928;361,11;79,44;440,55;CONSEGNATO;
2026;100445;02/02/2026;Meridian Home SRL;Padova;PD;Sara Moretti;Modena;MO;IT;8;158,59;6,362;STANDARD;ORD-2026-5550;541,67;119,17;660,84;CONSEGNATO;Ritirato al punto ritiro
2026;100446;09/02/2026;Acme Furniture SRL;Milano;MI;Luca Bianchi;Pescara;PE;IT;43;399,57;0,830;STANDARD;ORD-2026-5144;1.027,01;225,94;1.252,95;ANOMALIA;
2025;100447;02/05/2025;Alpine Mobel GmbH;Verona;VR;Paolo Bruno SNC;Palermo;PA;IT;6;468,19;11,352;ECONOMY;ORD-2025-4446;1.473,32;324,13;1.797,45;CONSEGNATO;
2026;100448;05/01/2026;Casa Bella Trading;Bologna;BO;Francesca Lombardi;Frankfurt;;DE;27;463,29;4,998;SAME_DAY;ORD-2026-2644;1.508,37;331,84;1.840,21;CONSEGNATO;
2026;100449;12/03/2026;Comfort Zone SPA;Firenze;FI;Luca Bianchi;Milano;MI;IT;42;92,28;6,657;STANDARD;ORD-2026-1050;329,01;72,38;401,39;CONSEGNATO;
2025;100450;08/05/2025;Meridian Home SRL;Padova;PD;Laura Marini;Firenze;FI;IT;27;396,42;4,798;SAME_DAY;ORD-2025-3187;701,62;154,36;855,98;IN GIACENZA;Pacco danneggiato
2026;100451;11/01/2026;Alpine Mobel GmbH;Verona;VR;Alessandro De Luca;Palermo;PA;IT;15;10,86;0,354;STANDARD;ORD-2026-2457;70,16;15,44;85,60;IN TRANSITO;
2025;100452;13/11/2025;Alpine Mobel GmbH;Verona;VR;Giulia Esposito SNC;Firenze;FI;IT;11;473,65;1,769;SAME_DAY;ORD-2025-8433;1.472,39;323,93;1.796,32;CONSEGNATO;
2025;100453;17/05/2025;Casa Bella Trading;Bologna;BO;Anna Russo;Palermo;PA;IT;14;300,24;14,928;ECONOMY;ORD-2025-4102;620,33;136,47;756,80;CONSEGNATO;
2026;100454;21/03/2026;Alpine Mobel GmbH;Verona;VR;Simone Fontana;Marseille;;FR;42;229,35;0,165;STANDARD;ORD-2026-6296;908,31;199,83;1.108,14;CONSEGNATO;
2026;100455;18/03/2026;Casa Bella Trading;Bologna;BO;Luca Bianchi SRL;Modena;MO;IT;22;465,57;7,069;ECONOMY;ORD-2026-1745;451,04;99,23;550,27;CONSEGNATO;
2026;100456;13/03/2026;Acme Furniture SRL;Milano;MI;Carla Mancini;Genova;GE;IT;32;465,20;13,170;STANDARD;ORD-2026-2468;878,13;193,19;1.071,32;CONSEGNATO;
2026;100457;17/01/2026;Alpine Mobel GmbH;Verona;VR;Sara Moretti;Hamburg;;DE;19;451,44;3,956;ECONOMY;ORD-2026-9470;830,54;182,72;1.013,26;CONSEGNATO;
2025;100458;03/12/2025;Comfort Zone SPA;Firenze;FI;Roberto Greco SPA;Roma;RM;IT;4;115,32;0,548;ECONOMY;ORD-2025-3679;324,18;71,32;395,50;ANOMALIA;Accesso negato al condominio
2026;100459;26/02/2026;Casa Bella Trading;Bologna;BO;Matteo Serra;Seville;;ES;8;423,00;13,005;EXPRESS;ORD-2026-6727;481,58;105,95;587,53;CONSEGNATO;
2026;100460;26/03/2026;Meridian Home SRL;Padova;PD;Davide Barbieri;Milano;MI;IT;12;208,50;1,162;SAME_DAY;ORD-2026-2545;685,43;150,79;836,22;IN TRANSITO;Consegna al piano
2025;100461;11/07/2025;Meridian Home SRL;Padova;PD;Federico Gallo SPA;Paris;;FR;2;40,99;12,462;SAME_DAY;ORD-2025-8439;107,22;23,59;130,81;IN TRANSITO;
2025;100462;15/11/2025;Alpine Mobel GmbH;Verona;VR;Anna Russo SPA;Ancona;AN;IT;4;400,88;4,251;EXPRESS;ORD-2025-2158;927,36;204,02;1.131,38;CONSEGNATO;
2025;100463;24/07/2025;Acme Furniture SRL;Milano;MI;Carla Mancini;Padova;PD;IT;50;201,50;9,711;STANDARD;ORD-2025-2975;538,82;118,54;657,36;IN TRANSITO;Accesso negato al condominio
2026;100464;19/03/2026;Nordic Design AB;Torino;TO;Sara Moretti;Napoli;NA;IT;13;245,07;13,282;SAME_DAY;ORD-2026-5398;607,37;133,62;740,99;IN TRANSITO;Pacco danneggiato
2026;100465;24/01/2026;Alpine Mobel GmbH;Verona;VR;Luca Bianchi;Torino;TO;IT;22;486,65;10,150;STANDARD;ORD-2026-9115;1.164,98;256,30;1.421,28;CONSEGNATO;
2026;100466;03/03/2026;Casa Bella Trading;Bologna;BO;Chiara Conti SPA;Firenze;FI;IT;34;214,15;8,532;EXPRESS;ORD-2026-1738;579,95;127,59;707,54;CONSEGNATO;
2026;100467;02/02/2026;Meridian Home SRL;Padova;PD;Mario Rossi SRL;Parma;PR;IT;48;330,96;2,701;STANDARD;ORD-2026-7438;447,14;98,37;545,51;IN TRANSITO;
2026;100468;27/03/2026;Alpine Mobel GmbH;Verona;VR;Federico Gallo SPA;Genova;GE;IT;14;92,95;11,208;ECONOMY;ORD-2026-2742;205,11;45,12;250,23;CONSEGNATO;
2025;100469;02/09/2025;Alpine Mobel GmbH;Verona;VR;Francesca Lombardi SNC;Pescara;PE;IT;40;406,66;9,255;SAME_DAY;ORD-2025-5958;500,47;110,10;610,57;CONSEGNATO;Firma non disponibile
2025;100470;07/04/2025;Acme Furniture SRL;Milano;MI;Elisa Ricci;Firenze;FI;IT;41;429,17;8,083;EXPRESS;ORD-2025-5930;1.318,02;289,96;1.607,98;CONSEGNATO;
2025;100471;26/12/2025;Alpine Mobel GmbH;Verona;VR;Mario Rossi;Seville;;ES;38;121,69;4,430;SAME_DAY;ORD-2025-1834;277,70;61,09;338,79;IN GIACENZA;
2026;100472;05/03/2026;Comfort Zone SPA;Firenze;FI;Chiara Conti SRL;Modena;MO;IT;32;200,14;7,705;SAME_DAY;ORD-2026-4799;653,27;143,72;796,99;CONSEGNATO;
2025;100473;28/11/2025;Alpine Mobel GmbH;Verona;VR;Francesca Lombardi;Berlin;;DE;42;173,71;10,466;EXPRESS;ORD-2025-3643;365,30;80,37;445,67;CONSEGNATO;
2025;100474;17/12/2025;Casa Bella Trading;Bologna;BO;Anna Russo SNC;Bordeaux;;FR;47;355,84;14,397;ECONOMY;ORD-2025-8738;1.262,48;277,75;1.540,23;CONSEGNATO;
2025;100475;05/09/2025;Nordic Design AB;Torino;TO;Laura Marini;Bologna;BO;IT;7;396,84;14,146;SAME_DAY;ORD-2025-5975;593,11;130,48;723,59;ANOMALIA;
2026;100476;28/03/2026;Nordic Design AB;Torino;TO;Luca Bianchi SRL;Parma;PR;IT;22;215,59;9,267;EXPRESS;ORD-2026-4671;565,09;124,32;689,41;IN TRANSITO;Pacco danneggiato
2025;100477;13/10/2025;Casa Bella Trading;Bologna;BO;Luca Bianchi;Berlin;;DE;30;481,34;11,339;EXPRESS;ORD-2025-2669;1.504,86;331,07;1.835,93;CONSEGNATO;Consegna al piano
2025;100478;16/04/2025;Casa Bella Trading;Bologna;BO;Matteo Serra;Venezia;VE;IT;32;366,41;1,498;ECONOMY;ORD-2025-6482;1.165,30;256,37;1.421,67;CONSEGNATO;
2025;100479;31/08/2025;Casa Bella Trading;Bologna;BO;Giulia Esposito SNC;Bologna;BO;IT;24;357,74;6,231;STANDARD;ORD-2025-3483;1.094,20;240,72;1.334,92;IN TRANSITO;
2026;100480;22/02/2026;Alpine Mobel GmbH;Verona;VR;Mario Rossi;Valencia;;ES;10;385,19;10,767;EXPRESS;ORD-2026-2389;689,05;151,59;840,64;IN TRANSITO;
2025;100481;19/01/2025;Comfort Zone SPA;Firenze;FI;Simone Fontana SRL;Lyon;;FR;41;490,03;11,988;ECONOMY;ORD-2025-7869;1.083,11;238,28;1.321,39;CONSEGNATO;
2026;100482;02/01/2026;Casa Bella Trading;Bologna;BO;Alessandro De Luca;Lyon;;FR;42;102,96;8,171;SAME_DAY;ORD-2026-6656;507,02;111,54;618,56;CONSEGNATO;
2026;100483;05/01/2026;Meridian Home SRL;Padova;PD;Davide Barbieri;Firenze;FI;IT;19;107,26;7,680;ECONOMY;ORD-2026-9541;255,25;56,16;311,41;CONSEGNATO;Accesso negato al condominio
2026;100484;08/02/2026;Comfort Zone SPA;Firenze;FI;Marco Ferrari;Parma;PR;IT;4;420,87;3,904;ECONOMY;ORD-2026-3028;406,05;89,33;495,38;CONSEGNATO;
2025;100485;23/06/2025;Nordic Design AB;Torino;TO;Sara Moretti SNC;Munich;;DE;19;333,63;12,228;STANDARD;ORD-2025-7187;779,99;171,60;951,59;CONSEGNATO;Indirizzo errato
2025;100486;04/07/2025;Alpine Mobel GmbH;Verona;VR;Valentina Russo SRL;Trieste;TS;IT;6;31,57;13,329;SAME_DAY;ORD-2025-4519;80,04;17,61;97,65;CONSEGNATO;Indirizzo errato
2026;100487;03/02/2026;Meridian Home SRL;Padova;PD;Matteo Serra;Trieste;TS;IT;32;365,99;6,260;STANDARD;ORD-2026-3364;894,89;196,88;1.091,77;CONSEGNATO;Ritirato al punto ritiro
2025;100488;19/04/2025;Alpine Mobel GmbH;Verona;VR;Elena Costa SNC;Bologna;BO;IT;8;301,00;6,135;EXPRESS;ORD-2025-7055;718,60;158,09;876,69;CONSEGNATO;
2026;100489;08/02/2026;Casa Bella Trading;Bologna;BO;Anna Russo;Firenze;FI;IT;27;24,80;13,415;ECONOMY;ORD-2026-4532;142,50;31,35;173,85;CONSEGNATO;Destinatario assente
2026;100490;06/01/2026;Alpine Mobel GmbH;Verona;VR;Simone Fontana;Venezia;VE;IT;22;390,78;7,134;STANDARD;ORD-2026-3269;913,70;201,01;1.114,71;CONSEGNATO;
2025;100491;16/06/2025;Acme Furniture SRL;Milano;MI;Valentina Russo;Pescara;PE;IT;15;450,17;5,092;EXPRESS;ORD-2025-8259;1.311,02;288,42;1.599,44;IN GIACENZA;Ritirato al punto ritiro
2025;100492;19/11/2025;Comfort Zone SPA;Firenze;FI;Elena Costa SRL;Napoli;NA;IT;13;477,61;8,132;EXPRESS;ORD-2025-9548;667,47;146,84;814,31;RESO;
2025;100493;21/05/2025;Nordic Design AB;Torino;TO;Matteo Serra SRL;Ancona;AN;IT;35;303,62;6,033;EXPRESS;ORD-2025-9052;1.004,87;221,07;1.225,94;CONSEGNATO;
2025;100494;28/09/2025;Casa Bella Trading;Bologna;BO;Marco Ferrari SRL;Torino;TO;IT;35;84,49;2,169;ECONOMY;ORD-2025-2468;271,91;59,82;331,73;IN TRANSITO;
2026;100495;04/01/2026;Comfort Zone SPA;Firenze;FI;Marco Ferrari SNC;Palermo;PA;IT;10;206,70;4,870;SAME_DAY;ORD-2026-2981;217,70;47,89;265,59;CONSEGNATO;
2026;100496;06/03/2026;Alpine Mobel GmbH;Verona;VR;Luca Bianchi SNC;Marseille;;FR;30;276,78;0,991;EXPRESS;ORD-2026-7676;835,82;183,88;1.019,70;CONSEGNATO;Destinatario assente
2025;100497;12/10/2025;Comfort Zone SPA;Firenze;FI;Simone Fontana;Venezia;VE;IT;29;42,41;9,541;STANDARD;ORD-2025-3332;220,18;48,44;268,62;IN TRANSITO;Destinatario assente
2026;100498;27/02/2026;Acme Furniture SRL;Milano;MI;Laura Marini SNC;Brescia;BS;IT;42;486,05;0,018;SAME_DAY;ORD-2026-5477;1.359,85;299,17;1.659,02;CONSEGNATO;
2025;100499;19/09/2025;Casa Bella Trading;Bologna;BO;Simone Fontana SRL;Modena;MO;IT;20;45,31;10,479;STANDARD;ORD-2025-5578;188,45;41,46;229,91;CONSEGNATO;Pacco danneggiato
2026;100500;13/02/2026;Comfort Zone SPA;Firenze;FI;Paolo Bruno SPA;Brescia;BS;IT;43;491,52;5,131;SAME_DAY;ORD-2026-6381;582,91;128,24;711,15;CONSEGNATO;
2026;100501;02/01/2026;Comfort Zone SPA;Firenze;FI;Francesca Lombardi;Modena;MO;IT;35;41,03;13,152;EXPRESS;ORD-2026-9825;190,68;41,95;232,63;IN TRANSITO;Consegna al piano
2025;100502;12/07/2025;Meridian Home SRL;Padova;PD;Mario Rossi SRL;Bologna;BO;IT;30;185,56;2,903;EXPRESS;ORD-2025-4629;645,41;141,99;787,40;IN TRANSITO;Ritirato al punto ritiro
2026;100503;12/01/2026;Meridian Home SRL;Padova;PD;Elisa Ricci;Verona;VR;IT;24;18,88;7,398;STANDARD;ORD-2026-1116;130,07;28,62;158,69;CONSEGNATO;Firma non disponibile
2026;100504;06/03/2026;Alpine Mobel GmbH;Verona;VR;Simone Fontana;Padova;PD;IT;44;301,68;2,641;STANDARD;ORD-2026-2065;554,91;122,08;676,99;IN GIACENZA;Accesso negato al condominio
2026;100505;28/03/2026;Acme Furniture SRL;Milano;MI;Elena Costa;Valencia;;ES;1;468,98;9,618;EXPRESS;ORD-2026-6292;927,88;204,13;1.132,01;CONSEGNATO;Consegna al piano
2026;100506;16/02/2026;Meridian Home SRL;Padova;PD;Luca Bianchi SNC;Verona;VR;IT;27;266,44;4,750;SAME_DAY;ORD-2026-4188;577,60;127,07;704,67;IN GIACENZA;Ritirato al punto ritiro
2025;100507;05/08/2025;Acme Furniture SRL;Milano;MI;Carla Mancini SNC;Lyon;;FR;20;31,89;9,383;EXPRESS;ORD-2025-8863;94,39;20,77;115,16;IN TRANSITO;Accesso negato al condominio
2026;100508;02/02/2026;Nordic Design AB;Torino;TO;Federico Gallo SRL;Verona;VR;IT;22;260,08;3,559;EXPRESS;ORD-2026-8184;825,78;181,67;1.007,45;CONSEGNATO;
2025;100509;13/07/2025;Casa Bella Trading;Bologna;BO;Anna Russo SRL;Berlin;;DE;29;27,87;9,165;SAME_DAY;ORD-2025-2077;79,12;17,41;96,53;CONSEGNATO;Firma non disponibile
2026;100510;13/01/2026;Meridian Home SRL;Padova;PD;Laura Marini;Verona;VR;IT;40;5,80;5,765;SAME_DAY;ORD-2026-2659;201,22;44,27;245,49;IN TRANSITO;
2026;100511;25/01/2026;Acme Furniture SRL;Milano;MI;Giulia Esposito;Pescara;PE;IT;13;452,23;1,898;ECONOMY;ORD-2026-6822;928,31;204,23;1.132,54;CONSEGNATO;
2025;100512;23/01/2025;Acme Furniture SRL;Milano;MI;Valentina Russo;Ancona;AN;IT;42;377,31;4,675;STANDARD;ORD-2025-3415;931,86;205,01;1.136,87;CONSEGNATO;
2025;100513;02/05/2025;Meridian Home SRL;Padova;PD;Valentina Russo SNC;Berlin;;DE;13;488,27;9,612;STANDARD;ORD-2025-2120;890,78;195,97;1.086,75;IN TRANSITO;
2026;100514;16/03/2026;Meridian Home SRL;Padova;PD;Valentina Russo SNC;Valencia;;ES;11;52,87;13,143;EXPRESS;ORD-2026-9125;90,26;19,86;110,12;CONSEGNATO;
2026;100515;28/01/2026;Nordic Design AB;Torino;TO;Alessandro De Luca SPA;Bari;BA;IT;26;92,53;14,848;ECONOMY;ORD-2026-1162;134,18;29,52;163,70;CONSEGNATO;
2026;100516;22/03/2026;Meridian Home SRL;Padova;PD;Luca Bianchi SRL;Marseille;;FR;13;99,31;2,620;ECONOMY;ORD-2026-3855;215,30;47,37;262,67;CONSEGNATO;
2025;100517;15/05/2025;Acme Furniture SRL;Milano;MI;Alessandro De Luca;Firenze;FI;IT;8;169,52;3,161;SAME_DAY;ORD-2025-4934;327,23;71,99;399,22;CONSEGNATO;Destinatario assente
2026;100518;09/01/2026;Acme Furniture SRL;Milano;MI;Roberto Greco SPA;Firenze;FI;IT;35;189,41;5,620;SAME_DAY;ORD-2026-5006;768,52;169,07;937,59;CONSEGNATO;Firma non disponibile
2026;100519;20/01/2026;Casa Bella Trading;Bologna;BO;Anna Russo;Genova;GE;IT;38;442,97;3,146;EXPRESS;ORD-2026-8711;1.439,20;316,62;1.755,82;CONSEGNATO;
2026;100520;08/03/2026;Alpine Mobel GmbH;Verona;VR;Davide Barbieri;Catania;CT;IT;31;357,97;7,427;ECONOMY;ORD-2026-7569;1.035,40;227,79;1.263,19;CONSEGNATO;
2025;100521;20/08/2025;Nordic Design AB;Torino;TO;Valentina Russo;Venezia;VE;IT;37;79,03;12,638;ECONOMY;ORD-2025-2388;158,27;34,82;193,09;CONSEGNATO;
2025;100522;22/01/2025;Alpine Mobel GmbH;Verona;VR;Valentina Russo;Bari;BA;IT;30;216,54;5,519;SAME_DAY;ORD-2025-6194;380,45;83,70;464,15;CONSEGNATO;
2025;100523;12/02/2025;Casa Bella Trading;Bologna;BO;Paolo Bruno SPA;Berlin;;DE;7;59,73;5,410;STANDARD;ORD-2025-6468;98,06;21,57;119,63;CONSEGNATO;Firma non disponibile
2026;100524;19/03/2026;Nordic Design AB;Torino;TO;Mario Rossi SNC;Valencia;;ES;19;411,24;11,749;SAME_DAY;ORD-2026-7647;1.320,44;290,50;1.610,94;CONSEGNATO;Consegna al piano
2025;100525;23/07/2025;Nordic Design AB;Torino;TO;Francesca Lombardi SPA;Padova;PD;IT;34;293,71;8,294;SAME_DAY;ORD-2025-8559;566,34;124,59;690,93;IN GIACENZA;
2026;100526;26/02/2026;Alpine Mobel GmbH;Verona;VR;Sara Moretti SPA;Berlin;;DE;37;436,94;4,591;EXPRESS;ORD-2026-9188;1.469,16;323,22;1.792,38;CONSEGNATO;
2026;100527;21/02/2026;Comfort Zone SPA;Firenze;FI;Simone Fontana SRL;Bari;BA;IT;37;392,79;13,833;STANDARD;ORD-2026-6410;1.075,81;236,68;1.312,49;RESO;Indirizzo errato
2026;100528;27/01/2026;Alpine Mobel GmbH;Verona;VR;Roberto Greco;Palermo;PA;IT;7;164,76;14,429;ECONOMY;ORD-2026-2527;235,10;51,72;286,82;CONSEGNATO;Firma non disponibile
2026;100529;24/01/2026;Nordic Design AB;Torino;TO;Chiara Conti SPA;Palermo;PA;IT;15;145,91;7,871;SAME_DAY;ORD-2026-1941;285,04;62,71;347,75;CONSEGNATO;Accesso negato al condominio
2026;100530;21/01/2026;Acme Furniture SRL;Milano;MI;Francesca Lombardi;Trieste;TS;IT;5;194,80;13,555;STANDARD;ORD-2026-3128;626,58;137,85;764,43;IN GIACENZA;Consegna al piano
2026;100531;19/03/2026;Meridian Home SRL;Padova;PD;Davide Barbieri;Lyon;;FR;44;229,75;3,034;STANDARD;ORD-2026-8302;350,96;77,21;428,17;IN GIACENZA;Destinatario assente
2026;100532;04/03/2026;Alpine Mobel GmbH;Verona;VR;Giulia Esposito SNC;Roma;RM;IT;42;440,56;6,850;ECONOMY;ORD-2026-7407;1.263,72;278,02;1.541,74;CONSEGNATO;
2025;100533;10/08/2025;Alpine Mobel GmbH;Verona;VR;Simone Fontana SRL;Bologna;BO;IT;26;349,47;0,665;STANDARD;ORD-2025-5485;1.200,26;264,06;1.464,32;IN TRANSITO;
2025;100534;30/07/2025;Meridian Home SRL;Padova;PD;Giulia Esposito SRL;Catania;CT;IT;33;383,39;4,897;SAME_DAY;ORD-2025-3700;676,31;148,79;825,10;CONSEGNATO;
2026;100535;13/02/2026;Comfort Zone SPA;Firenze;FI;Alessandro De Luca SRL;Padova;PD;IT;1;125,68;10,639;STANDARD;ORD-2026-6359;331,12;72,85;403,97;CONSEGNATO;
2025;100536;13/08/2025;Nordic Design AB;Torino;TO;Carla Mancini SPA;Genova;GE;IT;2;303,69;2,667;EXPRESS;ORD-2025-9759;855,09;188,12;1.043,21;IN TRANSITO;
2026;100537;26/02/2026;Casa Bella Trading;Bologna;BO;Elena Costa SPA;Roma;RM;IT;29;348,52;12,549;EXPRESS;ORD-2026-7399;1.017,00;223,74;1.240,74;CONSEGNATO;
2026;100538;26/01/2026;Nordic Design AB;Torino;TO;Roberto Greco SRL;Verona;VR;IT;2;211,13;14,839;ECONOMY;ORD-2026-4148;559,96;123,19;683,15;ANOMALIA;
2025;100539;27/03/2025;Acme Furniture SRL;Milano;MI;Federico Gallo SNC;Napoli;NA;IT;36;313,58;9,374;SAME_DAY;ORD-2025-8010;434,08;95,50;529,58;CONSEGNATO;
2025;100540;01/12/2025;Casa Bella Trading;Bologna;BO;Matteo Serra SPA;Padova;PD;IT;5;329,15;4,184;ECONOMY;ORD-2025-1719;334,48;73,59;408,07;CONSEGNATO;Indirizzo errato
2026;100541;10/03/2026;Meridian Home SRL;Padova;PD;Laura Marini SNC;Napoli;NA;IT;41;348,31;10,172;STANDARD;ORD-2026-6440;614,34;135,15;749,49;IN TRANSITO;Firma non disponibile
2026;100542;12/02/2026;Acme Furniture SRL;Milano;MI;Matteo Serra;Ancona;AN;IT;33;320,48;3,494;EXPRESS;ORD-2026-4811;411,90;90,62;502,52;CONSEGNATO;
2026;100543;01/02/2026;Meridian Home SRL;Padova;PD;Sara Moretti;Firenze;FI;IT;19;101,40;5,642;EXPRESS;ORD-2026-4900;402,20;88,48;490,68;RESO;Ritirato al punto ritiro
2026;100544;05/02/2026;Casa Bella Trading;Bologna;BO;Davide Barbieri;Roma;RM;IT;42;406,45;11,261;STANDARD;ORD-2026-6427;794,53;174,80;969,33;CONSEGNATO;Accesso negato al condominio
2025;100545;18/12/2025;Comfort Zone SPA;Firenze;FI;Alessandro De Luca;Pescara;PE;IT;21;92,18;9,450;EXPRESS;ORD-2025-9055;136,81;30,10;166,91;CONSEGNATO;
2025;100546;16/02/2025;Nordic Design AB;Torino;TO;Elisa Ricci;Padova;PD;IT;6;213,41;7,011;STANDARD;ORD-2025-4236;324,56;71,40;395,96;CONSEGNATO;
2026;100547;26/01/2026;Casa Bella Trading;Bologna;BO;Giulia Esposito SNC;Frankfurt;;DE;26;189,17;7,066;SAME_DAY;ORD-2026-9278;541,03;119,03;660,06;CONSEGNATO;Pacco danneggiato
2026;100548;18/02/2026;Alpine Mobel GmbH;Verona;VR;Laura Marini;Hamburg;;DE;10;276,65;2,644;SAME_DAY;ORD-2026-8596;474,69;104,43;579,12;CONSEGNATO;
2025;100549;11/03/2025;Comfort Zone SPA;Firenze;FI;Roberto Greco SRL;Firenze;FI;IT;1;430,90;10,958;ECONOMY;ORD-2025-9051;818,35;180,04;998,39;CONSEGNATO;Ritirato al punto ritiro
2026;100550;04/03/2026;Casa Bella Trading;Bologna;BO;Giulia Esposito;Ancona;AN;IT;3;496,24;1,876;STANDARD;ORD-2026-4182;1.433,78;315,43;1.749,21;IN TRANSITO;Pacco danneggiato
2026;100551;04/03/2026;Comfort Zone SPA;Firenze;FI;Alessandro De Luca;Roma;RM;IT;48;123,77;7,171;ECONOMY;ORD-2026-1462;512,51;112,75;625,26;CONSEGNATO;
2025;100552;07/05/2025;Meridian Home SRL;Padova;PD;Mario Rossi SRL;Bologna;BO;IT;50;46,61;10,677;SAME_DAY;ORD-2025-7515;371,62;81,76;453,38;CONSEGNATO;Accesso negato al condominio
2025;100553;05/08/2025;Nordic Design AB;Torino;TO;Chiara Conti;Hamburg;;DE;35;329,41;5,748;ECONOMY;ORD-2025-7743;1.098,50;241,67;1.340,17;IN GIACENZA;
2026;100554;19/01/2026;Casa Bella Trading;Bologna;BO;Chiara Conti SRL;Palermo;PA;IT;11;408,29;0,034;EXPRESS;ORD-2026-7845;947,04;208,35;1.155,39;IN TRANSITO;
2025;100555;06/04/2025;Comfort Zone SPA;Firenze;FI;Carla Mancini;Bergamo;BG;IT;8;225,61;12,217;STANDARD;ORD-2025-4292;233,53;51,38;284,91;IN TRANSITO;
2026;100556;22/03/2026;Meridian Home SRL;Padova;PD;Giulia Esposito SNC;Bologna;BO;IT;6;189,18;4,159;ECONOMY;ORD-2026-1486;469,52;103,29;572,81;IN TRANSITO;
2025;100557;17/05/2025;Acme Furniture SRL;Milano;MI;Marco Ferrari SPA;Roma;RM;IT;34;396,00;5,641;ECONOMY;ORD-2025-8961;913,89;201,06;1.114,95;CONSEGNATO;
2026;100558;31/01/2026;Casa Bella Trading;Bologna;BO;Laura Marini SRL;Palermo;PA;IT;23;436,60;12,096;EXPRESS;ORD-2026-8486;1.442,34;317,31;1.759,65;IN GIACENZA;Accesso negato al condominio
2025;100559;05/11/2025;Acme Furniture SRL;Milano;MI;Elisa Ricci SNC;Hamburg;;DE;29;309,37;9,887;SAME_DAY;ORD-2025-9436;655,16;144,14;799,30;ANOMALIA;Firma non disponibile
2026;100560;23/03/2026;Casa Bella Trading;Bologna;BO;Matteo Serra SPA;Hamburg;;DE;39;242,53;11,091;EXPRESS;ORD-2026-6707;659,88;145,17;805,05;RESO;Consegna al piano
2025;100561;17/07/2025;Casa Bella Trading;Bologna;BO;Davide Barbieri;Firenze;FI;IT;46;252,57;1,927;EXPRESS;ORD-2025-5937;999,08;219,80;1.218,88;ANOMALIA;
2025;100562;01/03/2025;Alpine Mobel GmbH;Verona;VR;Elisa Ricci SPA;Verona;VR;IT;11;376,75;9,900;EXPRESS;ORD-2025-2728;787,84;173,32;961,16;CONSEGNATO;Accesso negato al condominio
2026;100563;05/02/2026;Nordic Design AB;Torino;TO;Marco Ferrari;Bergamo;BG;IT;9;461,41;9,507;SAME_DAY;ORD-2026-2481;1.384,20;304,52;1.688,72;CONSEGNATO;Indirizzo errato
2025;100564;25/06/2025;Alpine Mobel GmbH;Verona;VR;Elena Costa;Bordeaux;;FR;15;112,16;1,744;EXPRESS;ORD-2025-2824;178,10;39,18;217,28;RESO;Ritirato al punto ritiro


RIEPILOGO PERIODO
Totale Spedizioni;564
Peso Totale Kg;142.980,91
Fatturato Totale;432.002,61
